team_name,player_name,player_full_name,GM,Min,Age,player_position,games_by_team,minutes_played_by_team,minutes_played_percentage,total_gross_salary,signed,contract_expiration,season,transfer_window,club_id_tmkt,player_id,transfer_price,contract_length_years,player_annual_fee,player_annual_cost,team_total_salary,team_total_fees,team_total_cost,player_annual_cost_percentage
Tigres UANL,N. Guzmán,Nahuel Guzmán,37,3329,39,Goalkeeper,37,3330,1.0,1500000.0,06-07-2023,30-06-2025,,,,,,2.0,,1500000,36450000.0,10285834,46735834,0.032
Tigres UANL,J. Brunetta,Juan Brunetta,37,3080,28,Central Midfielder,37,3330,0.92,1010000.0,06-08-2025,31-12-2027,,,,,,2.0,,1010000,36450000.0,10285834,46735834,0.022
Cruz Azul,É. Lira,Érik Lira,35,3068,25,Central Defender,35,3150,0.97,1880000.0,16-10-2025,30-06-2029,,,,,,4.0,,1880000,23380000.0,28637500,52017500,0.036
Cruz Azul,K. Mier,Kevin Mier,34,3060,25,Goalkeeper,35,3150,0.97,1060000.0,30-05-2024,30-06-2029,,,,,,5.0,,1060000,23380000.0,28637500,52017500,0.02
Cruz Azul,W. Ditta,Willer Ditta,34,2964,28,Right Centre Back,35,3150,0.94,1060000.0,12-07-2024,30-06-2028,,,,,,4.0,,1060000,23380000.0,28637500,52017500,0.02
Toluca,F. Pereira,Federico Pereira,34,2930,25,Left Centre Back,34,3060,0.96,1310000.0,02-11-2024,30-06-2028,,,,,,4.0,,1310000,25380000.0,25421667,50801667,0.026
Pachuca,Eduardo Bauermann,Eduardo Bauermann,32,2880,29,Right Centre Back,32,2880,1.0,890000.0,01-01-2025,30-06-2026,,,,,,1.0,,890000,18330000.0,0,18330000,0.049
Pachuca,C. Moreno,Carlos Moreno,32,2880,27,Goalkeeper,32,2880,1.0,300000.0,15-08-2023,30-06-2026,,,,,,3.0,,300000,18330000.0,0,18330000,0.016
Tigres UANL,J. Aquino,Javier Aquino,33,2807,35,Right Back,37,3330,0.84,1210000.0,20-09-2024,31-12-2025,,,,,,1.0,,1210000,36450000.0,10285834,46735834,0.026
Monterrey,G. Berterame,Germán Berterame,33,2752,27,Centre Forward,36,3240,0.85,2250000.0,28-11-2024,31-12-2027,,,,,,3.0,,2250000,47650000.0,10834167,61864167,0.036
Club América,I. Reyes,Israel Reyes,33,2739,25,Right Centre Back,35,3150,0.87,950000.0,01-01-2023,31-12-2026,,,,,,3.0,,950000,39090000.0,25266667,64356667,0.015
Club América,L. Malagón,Luis Malagón,30,2655,28,Goalkeeper,35,3150,0.84,1060000.0,23-03-2024,30-06-2027,,,,,,3.0,,1060000,39090000.0,25266667,64356667,0.016
Club América,Á. Zendejas,Álex Zendejas,35,2648,27,Right Midfielder,35,3150,0.84,100000.0,17-01-2022,30-06-2026,,,,,,4.0,,100000,39090000.0,25266667,64356667,0.002
Pachuca,A. Aceves,Alonso Aceves,30,2632,24,Left Back,32,2880,0.91,440000.0,01-01-2022,30-06-2026,,,,,,4.0,,440000,18330000.0,0,18330000,0.024
Cruz Azul,C. Rodríguez,Carlos Rodríguez,34,2624,28,Central Midfielder,35,3150,0.83,2000000.0,19-08-2025,31-12-2029,,,,,,4.0,,2000000,23380000.0,28637500,52017500,0.038
Pumas UNAM,J. Caicedo,José Caicedo,30,2594,23,Defensive Midfielder,32,2880,0.9,450000.0,18-04-2024,30-06-2027,,,,,,3.0,,450000,12860000.0,5755000,18615000,0.024
Cruz Azul,J. Sánchez,Jorge Sánchez,30,2555,27,Right Midfielder,35,3150,0.81,1730000.0,04-07-2024,30-06-2027,24/25,Verano europeo,3711.0,356044.0,3000000.0,3.0,1000000.0,2730000,23380000.0,28637500,52017500,0.052
Tigres UANL,J. Purata,Juan Purata,31,2537,27,Left Centre Back,37,3330,0.76,530000.0,31-05-2025,30-06-2029,,,,,,4.0,,530000,36450000.0,10285834,46735834,0.011
Juárez,S. Jurado,Sebastián Jurado,28,2520,28,Goalkeeper,28,2520,1.0,530000.0,02-01-2025,31-12-2027,24/25,Invierno europeo,49283.0,450406.0,1000000.0,2.0,500000.0,1030000,12850000.0,5433333,18283333,0.056
Cruz Azul,C. Rotondi,Carlos Rotondi,31,2517,28,Left Midfielder,35,3150,0.8,1150000.0,18-07-2024,30-06-2028,,,,,,4.0,,1150000,23380000.0,28637500,52017500,0.022
Guadalajara,B. González,Bryan González,30,2515,22,Left Back,30,2700,0.93,700000.0,02-07-2025,30-06-2026,25/26,Verano europeo,6711.0,704556.0,5980000.0,1.0,5980000.0,6680000,27200000.0,22351667,49551667,0.135
Club América,É. Sánchez,Érick Sánchez,33,2497,26,Central Midfielder,35,3150,0.79,3440000.0,01-07-2024,30-06-2028,24/25,Verano europeo,3631.0,370875.0,9000000.0,4.0,2250000.0,5690000,39090000.0,25266667,64356667,0.088
Toluca,M. Ruíz,Marcel Ruíz,31,2474,25,Defensive Midfielder,34,3060,0.81,790000.0,21-12-2023,30-06-2027,,,,,,4.0,,790000,25380000.0,25421667,50801667,0.016
Monterrey,G. Arteaga,Gerardo Arteaga,32,2450,27,Left Back,36,3240,0.76,1500000.0,29-01-2024,31-12-2027,,,,,,3.0,,1500000,47650000.0,10834167,61864167,0.024
Tigres UANL,F. Gorriarán,Fernando Gorriarán,30,2446,30,Central Midfielder,37,3330,0.73,2880000.0,31-12-2023,31-12-2026,,,,,,3.0,,2880000,36450000.0,10285834,46735834,0.062
Necaxa,A. Palavecino,Agustín Palavecino,29,2444,29,Central Midfielder,29,2610,0.94,750000.0,01-01-2025,31-12-2029,24/25,Invierno europeo,1146.0,610590.0,2560000.0,4.0,640000.0,1390000,8700000.0,6121867,14821867,0.094
Necaxa,E. Unsain,Ezequiel Unsain,27,2430,30,Goalkeeper,29,2610,0.93,340000.0,01-07-2023,30-06-2027,,,,,,4.0,,340000,8700000.0,6121867,14821867,0.023
Guadalajara,R. Rangel,Raúl Rangel,27,2429,25,Goalkeeper,30,2700,0.9,700000.0,13-09-2024,30-06-2028,,,,,,4.0,,700000,27200000.0,22351667,49551667,0.014
Club América,Álvaro Fidalgo,Álvaro Fidalgo,33,2424,28,Central Midfielder,35,3150,0.77,450000.0,01-07-2021,30-06-2026,,,,,,5.0,,450000,39090000.0,25266667,64356667,0.007
Monterrey,J. Rodríguez,Jorge Rodríguez,33,2413,30,Central Midfielder,36,3240,0.74,2460000.0,29-08-2025,30-06-2027,,,,,,2.0,,2460000,47650000.0,10834167,61864167,0.04
Club América,C. Borja,Cristián Borja,30,2393,32,Left Back,35,3150,0.76,700000.0,19-07-2024,30-06-2026,,,,,,2.0,,700000,39090000.0,25266667,64356667,0.011
Pumas UNAM,P. Bennevendo,Pablo Bennevendo,28,2392,25,Right Back,32,2880,0.83,190000.0,01-07-2022,30-06-2026,,,,,,4.0,,190000,12860000.0,5755000,18615000,0.01
Toluca,A. Vega,Alexis Vega,31,2390,27,Left Attacking Midfielder,34,3060,0.78,1500000.0,18-01-2024,30-06-2026,,,,,,2.0,,1500000,25380000.0,25421667,50801667,0.03
Tigres UANL,D. Lainez,Diego Lainez,31,2375,25,Right Attacking Midfielder,37,3330,0.71,2300000.0,01-08-2023,30-06-2027,,,,,,4.0,,2300000,36450000.0,10285834,46735834,0.049
Juárez,D. García,Denzell García,27,2374,22,Right Back,28,2520,0.94,380000.0,01-01-2023,30-06-2026,,,,,,3.0,,380000,12850000.0,5433333,18283333,0.021
Monterrey,S. Medina,Stefan Medina,31,2369,33,Right Centre Back,36,3240,0.73,900000.0,20-07-2021,31-12-2025,,,,,,4.0,,900000,47650000.0,10834167,61864167,0.015
Pumas UNAM,A. Carrasquilla,Adalberto Carrasquilla,32,2357,26,Central Midfielder,32,2880,0.82,1150000.0,16-01-2025,31-12-2027,24/25,Invierno europeo,7633.0,375300.0,3400000.0,2.0,1700000.0,2850000,12860000.0,5755000,18615000,0.153
Toluca,J. Gallardo,Jesús Gallardo,29,2353,31,Left Back,34,3060,0.77,1240000.0,01-07-2024,30-06-2027,24/25,Verano europeo,1804.0,344854.0,4700000.0,3.0,1566667.0,2806667,25380000.0,25421667,50801667,0.055
Toluca,Paulinho,Paulinho,30,2325,33,Centre Forward,34,3060,0.76,7040000.0,01-07-2024,30-06-2026,24/25,Verano europeo,1804.0,211072.0,7750000.0,2.0,3875000.0,10915000,25380000.0,25421667,50801667,0.215
Pachuca,E. Montiel,Elías Montiel,27,2324,20,Defensive Midfielder,32,2880,0.81,230000.0,01-07-2023,30-06-2026,,,,,,3.0,,230000,18330000.0,0,18330000,0.013
Monterrey,Sergio Ramos,Sergio Ramos,26,2314,39,Left Centre Back,36,3240,0.71,4600000.0,06-02-2025,31-12-2025,,,,,,0.0,,10400000,47650000.0,10834167,61864167,0.168
Necaxa,K. Rosero,Kevin Rosero,27,2298,26,Right Midfielder,29,2610,0.88,210000.0,01-07-2024,30-06-2027,24/25,Verano europeo,1146.0,630032.0,200000.0,3.0,66667.0,276667,8700000.0,6121867,14821867,0.019
Cruz Azul,I. Rivero,Ignacio Rivero,31,2285,33,Central Midfielder,35,3150,0.73,530000.0,01-07-2021,30-06-2026,,,,,,5.0,,530000,23380000.0,28637500,52017500,0.01
Pumas UNAM,Nathan Silva,Nathanael Ananias da Silva,26,2270,28,Right Centre Back,32,2880,0.79,680000.0,01-07-2023,30-06-2027,,,,,,4.0,,680000,12860000.0,5755000,18615000,0.037
Guadalajara,L. Romo,Luis Romo,26,2264,30,Central Midfielder,30,2700,0.84,1330000.0,11-01-2025,30-06-2026,24/25,Invierno europeo,6711.0,532938.0,6300000.0,1.0,6300000.0,7630000,27200000.0,22351667,49551667,0.154
León,S. Reyes,Salvador Reyes,26,2256,27,Left Back,28,2520,0.9,960000.0,01-07-2024,30-06-2026,24/25,Verano europeo,4941.0,557070.0,2000000.0,2.0,1000000.0,1960000,18000000.0,10275833,28275833,0.069
León,S. Barreiro,Stiven Barreiro,25,2243,31,Right Centre Back,28,2520,0.89,560000.0,10-12-2020,31-05-2026,,,,,,6.0,,560000,18000000.0,10275833,28275833,0.02
Monterrey,Óliver Torres,Óliver Torres,31,2241,31,Central Midfielder,36,3240,0.69,5630000.0,01-07-2024,30-06-2027,,,,,,3.0,,5070000,47650000.0,10834167,61864167,0.082
Atlético San Luis,E. Águila,Eduardo Águila,25,2238,23,Left Centre Back,26,2340,0.96,130000.0,20-07-2020,30-06-2025,,,,,,5.0,,130000,8040000.0,1600000,9640000,0.013
Tigres UANL,Rômulo,Rômulo,28,2225,25,Right Centre Back,37,3330,0.67,1280000.0,31-12-2024,31-12-2027,24/25,Invierno europeo,7055.0,687359.0,5000000.0,3.0,1666667.0,2946667,36450000.0,10285834,46735834,0.063
León,R. Echeverría,Rodrigo Echeverría,25,2221,30,Defensive Midfielder,28,2520,0.88,800000.0,22-01-2025,31-12-2027,24/25,Invierno europeo,4941.0,265726.0,4320000.0,2.0,2160000.0,2960000,18000000.0,10275833,28275833,0.105
Cruz Azul,J. Paradela,José Paradela,27,2193,26,Right Attacking Midfielder,35,3150,0.7,1590000.0,11-07-2025,30-06-2029,25/26,Verano europeo,3711.0,639152.0,10270000.0,4.0,2567500.0,4157500,23380000.0,28637500,52017500,0.08
Tijuana,J. Porozo,Jackson Porozo,25,2185,25,Right Centre Back,26,2340,0.93,850000.0,30-01-2025,31-12-2025,,,,,,0.0,,850000,11350000.0,11783333,23133333,0.037
Atlético San Luis,J. Sanabria,Juan Manuel Sanabria,25,2183,25,Left Back,26,2340,0.93,90000.0,05-07-2023,30-06-2026,,,,,,3.0,,90000,8040000.0,1600000,9640000,0.009
Monterrey,Sergio Canales,Sergio Canales,26,2174,34,Right Attacking Midfielder,36,3240,0.67,7710000.0,24-07-2023,30-06-2026,,,,,,3.0,,5850000,47650000.0,10834167,61864167,0.095
Cruz Azul,Á. Sepúlveda,Ángel Sepúlveda,33,2173,34,Centre Forward,35,3150,0.69,750000.0,29-08-2023,30-06-2026,,,,,,3.0,,750000,23380000.0,28637500,52017500,0.014
Cruz Azul,G. Piovi,Gonzalo Piovi,27,2170,31,Left Centre Back,35,3150,0.69,530000.0,01-01-2024,31-12-2026,,,,,,2.0,,530000,23380000.0,28637500,52017500,0.01
Juárez,J. Rodríguez,José Luis Rodríguez,27,2162,27,Left Midfielder,28,2520,0.86,700000.0,01-07-2025,30-06-2028,25/26,Verano europeo,49283.0,425028.0,1700000.0,3.0,566667.0,1266667,12850000.0,5433333,18283333,0.069
Atlético San Luis,A. Sánchez,Andrés Sánchez,24,2160,28,Goalkeeper,26,2340,0.92,310000.0,01-07-2021,30-06-2026,,,,,,5.0,,310000,8040000.0,1600000,9640000,0.032
Santos Laguna,C. Acevedo,Carlos Acevedo,24,2159,29,Goalkeeper,24,2160,1.0,450000.0,31-07-2022,30-06-2027,,,,,,5.0,,450000,9150000.0,3645833,12795833,0.035
Toluca,F. Romero,Franco Romero,30,2159,25,Defensive Midfielder,34,3060,0.71,560000.0,15-01-2025,31-12-2027,24/25,Invierno europeo,1804.0,833115.0,1460000.0,2.0,730000.0,1290000,25380000.0,25421667,50801667,0.025
Mazatlán,F. Almada,Facundo Almada,25,2140,27,Right Centre Back,25,2250,0.95,350000.0,01-01-2024,31-12-2025,,,,,,1.0,,350000,9710000.0,1747917,11457917,0.031
Club América,S. Cáceres,Sebastián Cáceres,27,2128,26,Left Centre Back,35,3150,0.68,1400000.0,22-03-2024,30-06-2027,,,,,,3.0,,1400000,39090000.0,25266667,64356667,0.022
Toluca,J. Angulo,Jesús Angulo,31,2122,28,Centre Attacking Midfielder,34,3060,0.69,900000.0,14-07-2023,30-06-2027,,,,,,4.0,,900000,25380000.0,25421667,50801667,0.018
Club América,R. Juárez,Ramón Juárez,29,2102,24,Left Centre Back,35,3150,0.67,530000.0,17-05-2024,30-06-2027,,,,,,3.0,,530000,39090000.0,25266667,64356667,0.008
Club América,K. Álvarez,Kevin Álvarez,31,2094,26,Right Back,35,3150,0.66,1350000.0,01-07-2023,30-06-2027,,,,,,4.0,,1350000,39090000.0,25266667,64356667,0.021
Pumas UNAM,Rubén Duarte,Rubén Duarte,26,2084,30,Left Centre Back,32,2880,0.72,1250000.0,09-07-2024,30-06-2027,24/25,Verano europeo,7633.0,177046.0,4000000.0,3.0,1333333.0,2583333,12860000.0,5755000,18615000,0.139
Tigres UANL,Joaquim,Joaquim,29,2083,26,Right Centre Back,37,3330,0.63,1880000.0,27-07-2024,30-06-2027,24/25,Verano europeo,7055.0,860857.0,7350000.0,3.0,2450000.0,4330000,36450000.0,10285834,46735834,0.093
Atlético San Luis,S. Salles-Lamonge,Sébastien Salles-Lamonge,26,2065,29,Defensive Midfielder,26,2340,0.88,310000.0,16-12-2024,30-06-2026,,,,,,2.0,,310000,8040000.0,1600000,9640000,0.032
Tigres UANL,N. Ibáñez,Nicolás Ibáñez,29,2062,31,Centre Forward,37,3330,0.62,1170000.0,18-01-2023,31-12-2026,,,,,,3.0,,1170000,36450000.0,10285834,46735834,0.025
Tijuana,A. Rodríguez,Antonio Rodríguez,23,2058,33,Goalkeeper,26,2340,0.88,150000.0,01-01-2023,30-06-2026,,,,,,3.0,,150000,11350000.0,11783333,23133333,0.006
Atlas,U. Durdevic,Uros Djurdjevic,24,2014,31,Centre Forward,25,2250,0.9,810000.0,16-07-2024,30-06-2027,24/25,Verano europeo,8590.0,190804.0,2000000.0,3.0,666667.0,1476667,10890000.0,6566667,17456667,0.085
Juárez,A. Mayorga,Alejandro Mayorga,25,2013,28,Left Centre Back,28,2520,0.8,610000.0,04-07-2025,31-12-2028,25/26,Verano europeo,49283.0,401344.0,1500000.0,3.0,500000.0,1110000,12850000.0,5433333,18283333,0.061
Puebla,J. Fedorco,Juan Fedorco,25,2003,24,Central Defender,26,2340,0.86,150000.0,03-02-2025,31-12-2025,,,,,,0.0,,150000,11000000.0,7816667,18816667,0.008
Cruz Azul,L. Faravelli,Lorenzo Faravelli,33,1994,32,Central Midfielder,35,3150,0.63,700000.0,26-08-2025,31-12-2026,,,,,,1.0,,700000,23380000.0,28637500,52017500,0.013
Necaxa,A. Peña,Alexis Peña,25,1991,29,Central Defender,29,2610,0.76,110000.0,01-01-2023,31-12-2025,,,,,,2.0,,110000,8700000.0,6121867,14821867,0.007
Monterrey,R. Chávez,Ricardo Chávez,29,1986,30,Right Back,36,3240,0.61,530000.0,02-01-2025,30-06-2026,24/25,Invierno europeo,2407.0,347577.0,3200000.0,1.0,3200000.0,3730000,47650000.0,10834167,61864167,0.06
Atlas,C. Vargas,Camilo Vargas,22,1980,36,Goalkeeper,25,2250,0.88,780000.0,05-04-2022,31-12-2026,,,,,,4.0,,780000,10890000.0,6566667,17456667,0.045
Santos Laguna,J. Güémez,Javier Güémez,24,1968,34,Central Midfielder,24,2160,0.91,530000.0,01-01-2025,31-12-2026,,,,,,1.0,,530000,9150000.0,3645833,12795833,0.041
Mazatlán,N. Benedetti,Nicolás Benedetti,24,1958,28,Centre Forward,25,2250,0.87,780000.0,01-01-2023,31-12-2025,,,,,,2.0,,780000,9710000.0,1747917,11457917,0.068
Juárez,M. Mosquera,Moisés Mosquera,23,1958,24,Right Centre Back,28,2520,0.78,230000.0,08-08-2023,30-06-2028,,,,,,5.0,,230000,12850000.0,5433333,18283333,0.013
Santos Laguna,J. Abella,Javier Abella,24,1951,31,Right Back,24,2160,0.9,800000.0,01-01-2025,30-06-2026,24/25,Invierno europeo,1403.0,243580.0,1500000.0,1.0,1500000.0,2300000,9150000.0,3645833,12795833,0.18
Toluca,D. Barbosa,Diego Barbosa,29,1926,29,Right Back,34,3060,0.63,1150000.0,01-01-2025,30-06-2026,24/25,Invierno europeo,1804.0,416083.0,2000000.0,1.0,2000000.0,3150000,25380000.0,25421667,50801667,0.062
Guadalajara,D. Campillo,Diego Campillo,27,1914,24,Right Centre Back,30,2700,0.71,700000.0,04-07-2025,30-06-2026,25/26,Verano europeo,6711.0,802857.0,1900000.0,1.0,1900000.0,2600000,27200000.0,22351667,49551667,0.052
Atlético San Luis,Rodrigo Dourado,Rodrigo Dourado,25,1892,31,Central Midfielder,26,2340,0.81,300000.0,01-07-2022,30-06-2025,,,,,,3.0,,300000,8040000.0,1600000,9640000,0.031
Atlético San Luis,R. Torres,Román Torres,25,1890,20,Right Back,26,2340,0.81,110000.0,01-01-2025,30-06-2026,,,,,,1.0,,110000,8040000.0,1600000,9640000,0.011
Cruz Azul,J. Orozco,Jesús Orozco,28,1866,23,Left Centre Back,35,3150,0.59,1150000.0,07-01-2025,30-06-2026,24/25,Invierno europeo,3711.0,915155.0,10740000.0,1.0,10740000.0,11890000,23380000.0,28637500,52017500,0.229
Juárez,Madson,Madson,25,1863,26,Right Midfielder,28,2520,0.74,350000.0,03-02-2025,30-06-2027,24/25,Invierno europeo,49283.0,554300.0,1500000.0,2.0,750000.0,1100000,12850000.0,5433333,18283333,0.06
Tigres UANL,J. Angulo,Jesús Angulo,24,1856,27,Left Centre Back,37,3330,0.56,670000.0,01-01-2022,30-06-2028,,,,,,6.0,,670000,36450000.0,10285834,46735834,0.014
Santos Laguna,A. López,Aldo López,24,1850,25,Central Midfielder,24,2160,0.86,310000.0,01-07-2022,30-06-2026,,,,,,4.0,,310000,9150000.0,3645833,12795833,0.024
León,N. Fonseca,Nicolás Fonseca,24,1844,27,Defensive Midfielder,28,2520,0.73,940000.0,15-01-2025,31-12-2028,24/25,Invierno europeo,4941.0,462070.0,2140000.0,3.0,713333.0,1653333,18000000.0,10275833,28275833,0.058
Atlético San Luis,Ó. Macías,Óscar Macías,24,1824,27,Central Midfielder,26,2340,0.78,310000.0,18-12-2024,30-06-2027,,,,,,3.0,,310000,8040000.0,1600000,9640000,0.032
Puebla,E. Gómez,Emiliano Gómez,25,1818,24,Centre Forward,26,2340,0.78,700000.0,16-05-2025,30-06-2026,24/25,Verano europeo,5662.0,577489.0,1600000.0,1.0,1600000.0,2300000,11000000.0,7816667,18816667,0.122
Pumas UNAM,J. Ruvalcaba,Jorge Ruvalcaba,27,1815,24,Left Attacking Midfielder,32,2880,0.63,210000.0,01-07-2022,30-06-2026,,,,,,4.0,,210000,12860000.0,5755000,18615000,0.011
Tijuana,F. Boya,Frank Boya,24,1811,29,Central Midfielder,26,2340,0.77,710000.0,03-02-2025,30-06-2027,24/25,Invierno europeo,13353.0,473201.0,900000.0,2.0,450000.0,1160000,11350000.0,11783333,23133333,0.05
Tijuana,A. Gómez,Alejandro Gómez,26,1809,23,Left Centre Back,26,2340,0.77,110000.0,11-01-2024,30-06-2026,,,,,,2.0,,110000,11350000.0,11783333,23133333,0.005
Atlas,Gustavo Ferrareis,Gustavo Ferrareis,25,1799,29,Right Midfielder,25,2250,0.8,880000.0,03-07-2025,30-06-2027,,,,,,2.0,,880000,10890000.0,6566667,17456667,0.05
Tijuana,K. Castañeda,Kevin Castañeda,25,1798,26,Centre Forward,26,2340,0.77,80000.0,01-07-2022,30-06-2026,,,,,,4.0,,80000,11350000.0,11783333,23133333,0.003
Necaxa,I. Rodríguez,Iván Rodríguez,23,1791,29,Central Midfielder,29,2610,0.69,800000.0,04-01-2025,30-06-2026,,,,,,1.0,,800000,8700000.0,6121867,14821867,0.054
Puebla,R. Marín,Ricardo Marín,26,1776,27,Centre Forward,26,2340,0.76,530000.0,28-01-2025,30-06-2026,,,,,,1.0,,530000,11000000.0,7816667,18816667,0.028
Pumas UNAM,G. Martínez,Guillermo Martínez,26,1768,30,Centre Forward,32,2880,0.61,880000.0,01-01-2024,31-12-2026,,,,,,2.0,,880000,12860000.0,5755000,18615000,0.047
Toluca,B. Méndez,Bruno Méndez,25,1764,26,Right Centre Back,34,3060,0.58,1500000.0,09-07-2024,30-06-2027,,,,,,3.0,,1500000,25380000.0,25421667,50801667,0.03
León,J. Rodríguez,James Rodríguez,23,1754,34,Centre Attacking Midfielder,28,2520,0.7,5750000.0,13-01-2025,31-12-2025,,,,,,0.0,,5750000,18000000.0,10275833,28275833,0.203
Guadalajara,R. Alvarado,Roberto Alvarado,22,1751,27,Right Attacking Midfielder,30,2700,0.65,3130000.0,12-09-2024,30-06-2029,,,,,,5.0,,3130000,27200000.0,22351667,49551667,0.063
Mazatlán,J. Sierra,Jordan Sierra,24,1749,28,Central Midfielder,25,2250,0.78,700000.0,01-07-2024,30-06-2027,24/25,Verano europeo,82696.0,332829.0,2000000.0,3.0,666667.0,1366667,9710000.0,1747917,11457917,0.119
Necaxa,D. de Buen,Diego de Buen,24,1746,34,Central Midfielder,29,2610,0.67,610000.0,17-01-2025,30-06-2026,24/25,Invierno europeo,1146.0,102708.0,800000.0,1.0,800000.0,1410000,8700000.0,6121867,14821867,0.095
Monterrey,L. Ocampos,Lucas Ocampos,33,1726,31,Left Attacking Midfielder,36,3240,0.53,5000000.0,03-09-2024,30-06-2027,24/25,Verano europeo,2407.0,189441.0,7250000.0,3.0,2416667.0,7416667,47650000.0,10834167,61864167,0.12
Juárez,Guilherme Castilho,Guilherme Castilho,23,1725,26,Central Midfielder,28,2520,0.68,400000.0,11-02-2025,30-06-2026,24/25,Invierno europeo,49283.0,726005.0,1450000.0,1.0,1450000.0,1850000,12850000.0,5433333,18283333,0.101
Atlas,Matheus Dória,Matheus Dória,20,1722,31,Left Centre Back,25,2250,0.77,,,,,,,,,,,0,10890000.0,6566667,17456667,0.0
Pachuca,P. Pedraza,Pedro Pedraza,27,1716,25,Defensive Midfielder,32,2880,0.6,440000.0,02-01-2024,31-12-2027,,,,,,3.0,,440000,18330000.0,0,18330000,0.024
Club América,B. Rodríguez,Brian Rodríguez,29,1709,25,Left Midfielder,35,3150,0.54,1500000.0,21-10-2025,30-06-2029,,,,,,4.0,,1500000,39090000.0,25266667,64356667,0.023
Tigres UANL,O. Herrera,Ozziel Herrera,27,1691,24,Left Attacking Midfielder,37,3330,0.51,380000.0,24-07-2023,30-06-2027,,,,,,4.0,,380000,36450000.0,10285834,46735834,0.008
Querétaro,L. Rodríguez,Lucas Rodríguez,22,1658,28,Right Midfielder,22,1980,0.84,880000.0,03-07-2024,30-06-2026,24/25,Verano europeo,4961.0,380996.0,3000000.0,2.0,1500000.0,2380000,11550000.0,8850000,20400000,0.117
Guadalajara,G. Sepúlveda,Gilberto Sepúlveda,22,1656,26,Central Defender,30,2700,0.61,1330000.0,12-06-2024,30-06-2028,,,,,,4.0,,1330000,27200000.0,22351667,49551667,0.027
Cruz Azul,M. Bogusz,Mateusz Bogusz,31,1656,24,Left Midfielder,35,3150,0.53,2400000.0,25-01-2025,31-12-2026,24/25,Invierno europeo,3711.0,431475.0,8500000.0,1.0,8500000.0,10900000,23380000.0,28637500,52017500,0.21
Tijuana,A. Preciado,Adonis Preciado,24,1652,28,Centre Forward,26,2340,0.71,560000.0,03-07-2025,30-06-2026,,,,,,1.0,,560000,11350000.0,11783333,23133333,0.024
Monterrey,J. Corona,Jesús Corona,27,1639,32,Left Attacking Midfielder,36,3240,0.51,2880000.0,01-09-2023,30-06-2026,,,,,,3.0,,2880000,47650000.0,10834167,61864167,0.047
Guadalajara,José Castillo Pérez,José Castillo Pérez,21,1632,23,Left Centre Back,30,2700,0.6,350000.0,01-01-2024,30-06-2026,,,,,,2.0,,350000,27200000.0,22351667,49551667,0.007
Atlas,R. Lozano,Rivaldo Lozano,21,1619,27,Left Wing Back,25,2250,0.72,,,,,,,,,,,0,10890000.0,6566667,17456667,0.0
Toluca,H. González,Hugo González,18,1618,35,Goalkeeper,34,3060,0.53,600000.0,07-07-2025,30-06-2026,,,,,,1.0,,600000,25380000.0,25421667,50801667,0.012
Atlas,D. González,Diego González,23,1605,22,Right Midfielder,25,2250,0.71,210000.0,02-01-2025,31-12-2025,,,,,,0.0,,210000,10890000.0,6566667,17456667,0.012
Atlético San Luis,Miguel García,Miguel García,26,1605,24,Right Centre Back,26,2340,0.69,230000.0,02-01-2025,30-06-2026,24/25,Invierno europeo,40188.0,1027076.0,700000.0,1.0,700000.0,930000,8040000.0,1600000,9640000,0.096
Juárez,R. Pizarro,Rodolfo Pizarro,25,1598,31,Central Midfielder,28,2520,0.63,800000.0,01-01-2026,30-06-2026,,,,,,0.0,,800000,12850000.0,5433333,18283333,0.044
Pumas UNAM,P. Vite,Pedro Vite,21,1597,23,Right Attacking Midfielder,32,2880,0.55,880000.0,18-07-2025,18-07-2029,25/26,Verano europeo,7633.0,659806.0,3800000.0,4.0,950000.0,1830000,12860000.0,5755000,18615000,0.098
Tijuana,I. Tona,Iván Tona,23,1592,25,Central Midfielder,26,2340,0.68,300000.0,01-07-2023,30-06-2026,,,,,,3.0,,300000,11350000.0,11783333,23133333,0.013
Tigres UANL,Á. Correa,Ángel Correa,20,1590,30,Centre Forward,37,3330,0.48,4600000.0,09-07-2025,30-06-2030,25/26,Verano europeo,7055.0,266807.0,8000000.0,5.0,1600000.0,6200000,36450000.0,10285834,46735834,0.133
Pachuca,S. Barreto,Sergio Barreto,18,1583,26,Left Centre Back,32,2880,0.55,560000.0,01-07-2023,30-06-2027,,,,,,4.0,,560000,18330000.0,0,18330000,0.031
Pumas UNAM,S. Trigos,Santiago Trigos,24,1583,23,Defensive Midfielder,32,2880,0.55,110000.0,01-07-2023,30-06-2026,,,,,,3.0,,110000,12860000.0,5755000,18615000,0.006
Puebla,J. González,Julio González,18,1575,34,Goalkeeper,26,2340,0.67,530000.0,28-01-2025,31-12-2027,24/25,Invierno europeo,5662.0,158327.0,1000000.0,2.0,500000.0,1030000,11000000.0,7816667,18816667,0.055
Atlas,G. Aguirre,Gaddi Aguirre,19,1567,29,Right Centre Back,25,2250,0.7,190000.0,30-06-2021,30-06-2026,,,,,,5.0,,190000,10890000.0,6566667,17456667,0.011
Atlas,A. Rocha,Aldo Rocha,19,1547,33,Central Midfielder,25,2250,0.69,800000.0,01-01-2021,30-06-2026,,,,,,5.0,,800000,10890000.0,6566667,17456667,0.046
León,F. Beltrán,Fernando Beltrán,26,1544,27,Central Midfielder,28,2520,0.61,1340000.0,01-07-2025,30-06-2026,25/26,Verano europeo,4941.0,549294.0,2600000.0,1.0,2600000.0,3940000,18000000.0,10275833,28275833,0.139
Club América,R. Zúñiga,Raúl Zúñiga,24,1541,31,Centre Forward,35,3150,0.49,1400000.0,13-07-2025,30-06-2026,25/26,Verano europeo,3631.0,690681.0,2500000.0,1.0,2500000.0,3900000,39090000.0,25266667,64356667,0.061
Monterrey,V. Guzmán,Víctor Guzmán,22,1534,23,Right Centre Back,36,3240,0.47,1150000.0,27-07-2024,30-06-2028,,,,,,4.0,,1150000,47650000.0,10834167,61864167,0.019
Tijuana,A. Vega,Alan Vega,22,1530,25,Left Back,26,2340,0.65,230000.0,01-07-2023,30-06-2026,,,,,,3.0,,230000,11350000.0,11783333,23133333,0.01
Tigres UANL,J. Garza,Jesús Garza,23,1528,25,Left Back,37,3330,0.46,650000.0,01-07-2022,30-06-2026,,,,,,4.0,,650000,36450000.0,10285834,46735834,0.014
Pachuca,A. Bautista,Alán Bautista,27,1513,23,Centre Attacking Midfielder,32,2880,0.53,110000.0,01-07-2023,30-06-2026,,,,,,3.0,,110000,18330000.0,0,18330000,0.006
Guadalajara,Efraín Álvarez,Efraín Álvarez,24,1504,23,Right Attacking Midfielder,30,2700,0.56,1500000.0,01-07-2025,30-06-2026,25/26,Verano europeo,6711.0,504113.0,6850000.0,1.0,6850000.0,8350000,27200000.0,22351667,49551667,0.169
Mazatlán,L. Merolla,Lucas Merolla,21,1502,30,Left Centre Back,25,2250,0.67,340000.0,01-07-2023,30-06-2026,,,,,,3.0,,340000,9710000.0,1747917,11457917,0.03
Mazatlán,B. Colula,Bryan Colula,23,1502,29,Right Back,25,2250,0.67,500000.0,19-04-2024,30-06-2027,,,,,,3.0,,500000,9710000.0,1747917,11457917,0.044
Pachuca,O. Idrissi,Oussama Idrissi,23,1497,29,Left Attacking Midfielder,32,2880,0.52,1150000.0,26-02-2025,30-06-2028,,,,,,3.0,,1150000,18330000.0,0,18330000,0.063
Necaxa,C. Calderón,Cristian Calderón,25,1497,28,Left Back,29,2610,0.57,1060000.0,03-07-2025,30-06-2026,,,,,,1.0,,1060000,8700000.0,6121867,14821867,0.072
Santos Laguna,R. Sordo,Ramiro Sordo,23,1495,25,Left Attacking Midfielder,24,2160,0.69,310000.0,18-01-2024,31-12-2027,,,,,,3.0,,310000,9150000.0,3645833,12795833,0.024
Monterrey,N. Deossa,Nelson Deossa,20,1488,25,Central Midfielder,36,3240,0.46,,,,,,,,,,,0,47650000.0,10834167,61864167,0.0
Pachuca,J. Cádiz,Jhonder Cádiz,24,1487,30,Centre Forward,32,2880,0.52,700000.0,,30-06-2027,,,,,,,,700000,18330000.0,0,18330000,0.038
León,S. Santos,Sebastián Santos,22,1467,22,Right Back,28,2520,0.58,90000.0,01-07-2024,30-06-2026,,,,,,2.0,,90000,18000000.0,10275833,28275833,0.003
Atlas,V. Ríos,Víctor Ríos,18,1465,21,Right Centre Back,25,2250,0.65,90000.0,01-01-2024,30-06-2026,,,,,,2.0,,90000,10890000.0,6566667,17456667,0.005
Toluca,L. García,Luis García,17,1442,32,Goalkeeper,34,3060,0.47,110000.0,01-07-2017,30-06-2026,,,,,,9.0,,110000,25380000.0,25421667,50801667,0.002
Santos Laguna,Fran Villalba,Fran Villalba,23,1441,27,Centre Attacking Midfielder,24,2160,0.67,880000.0,07-07-2024,30-06-2027,24/25,Verano europeo,1403.0,311680.0,1000000.0,3.0,333333.0,1213333,9150000.0,3645833,12795833,0.095
Tijuana,R. Fernández,Rafael Fernández,17,1441,25,Right Back,26,2340,0.62,310000.0,07-07-2025,30-06-2026,,,,,,1.0,,310000,11350000.0,11783333,23133333,0.013
Pumas UNAM,Á. Padilla,Álex Padilla,16,1440,22,Goalkeeper,32,2880,0.5,,,,,,,,,,,0,12860000.0,5755000,18615000,0.0
Querétaro,R. Bogarín,Rodrigo Bogarín,20,1436,28,Central Midfielder,22,1980,0.73,430000.0,07-01-2025,31-12-2025,,,,,,0.0,,430000,11550000.0,8850000,20400000,0.021
Pachuca,S. Rondón,Salomón Rondón,16,1432,36,Centre Forward,32,2880,0.5,,,,,,,,,,,0,18330000.0,0,18330000,0.0
Puebla,E. Orona,Efraín Orona,20,1417,26,Left Centre Back,26,2340,0.61,230000.0,01-07-2023,30-06-2026,,,,,,3.0,,230000,11000000.0,7816667,18816667,0.012
Querétaro,F. Venegas,Francisco Venegas,22,1412,27,Left Back,22,1980,0.71,700000.0,01-07-2024,30-06-2026,24/25,Verano europeo,4961.0,400208.0,1000000.0,2.0,500000.0,1200000,11550000.0,8850000,20400000,0.059
Monterrey,F. Ambríz,Fidel Ambríz,29,1411,22,Defensive Midfielder,36,3240,0.44,1500000.0,27-08-2024,30-06-2028,24/25,Verano europeo,2407.0,723240.0,6670000.0,4.0,1667500.0,3167500,47650000.0,10834167,61864167,0.051
Necaxa,D. Cambindo,Diber Cambindo,21,1390,29,Centre Forward,29,2610,0.53,750000.0,07-01-2025,31-12-2027,24/25,Invierno europeo,1146.0,650861.0,3900000.0,2.0,1950000.0,2700000,8700000.0,6121867,14821867,0.182
Juárez,J. García,José García,19,1386,29,Left Centre Back,28,2520,0.55,380000.0,16-07-2021,30-06-2026,,,,,,5.0,,380000,12850000.0,5433333,18283333,0.021
Tijuana,G. Mora,Gilberto Mora,22,1365,17,Central Midfielder,26,2340,0.58,110000.0,01-07-2024,30-06-2026,,,,,,2.0,,110000,11350000.0,11783333,23133333,0.005
Puebla,F. Moyano,Franco Moyano,19,1350,28,Central Midfielder,26,2340,0.58,680000.0,17-01-2025,31-12-2025,,,,,,0.0,,680000,11000000.0,7816667,18816667,0.036
León,R. Funes Mori,Rogelio Funes Mori,28,1342,34,Centre Forward,28,2520,0.53,1150000.0,24-07-2025,31-07-2026,,,,,,1.0,,1150000,18000000.0,10275833,28275833,0.041
Querétaro,J. Gómez,Jaime Gómez,19,1339,32,Right Back,22,1980,0.68,340000.0,01-07-2023,30-06-2026,,,,,,3.0,,340000,11550000.0,8850000,20400000,0.017
Puebla,N. Díaz,Nicolás Díaz,16,1337,26,Left Centre Back,26,2340,0.57,710000.0,01-07-2025,31-12-2025,,,,,,0.0,,710000,11000000.0,7816667,18816667,0.038
Tijuana,Unai Bilbao,Unai Bilbao,19,1324,31,Left Centre Back,26,2340,0.57,700000.0,01-07-2024,30-06-2027,24/25,Verano europeo,13353.0,175445.0,2800000.0,3.0,933333.0,1633333,11350000.0,11783333,23133333,0.071
Atlético San Luis,João Pedro,João Pedro,15,1320,33,Centre Forward,26,2340,0.56,880000.0,01-07-2025,30-06-2026,,,,,,1.0,,880000,8040000.0,1600000,9640000,0.091
Toluca,J. Domínguez,Juan Domínguez,30,1310,27,Right Attacking Midfielder,34,3060,0.43,340000.0,17-04-2024,31-12-2028,,,,,,4.0,,340000,25380000.0,25421667,50801667,0.007
Atlas,E. Aguirre,Eduardo Aguirre,20,1302,27,Centre Forward,25,2250,0.58,700000.0,01-07-2024,30-06-2026,24/25,Verano europeo,8590.0,400171.0,2000000.0,2.0,1000000.0,1700000,10890000.0,6566667,17456667,0.097
Santos Laguna,B. Amione,Bruno Amione,16,1298,23,Left Back,24,2160,0.6,440000.0,01-02-2024,30-06-2026,,,,,,2.0,,440000,9150000.0,3645833,12795833,0.034
Juárez,Ó. Estupiñán,Óscar Estupiñán,20,1296,28,Centre Forward,28,2520,0.51,1500000.0,29-08-2024,30-06-2027,24/25,Verano europeo,49283.0,388266.0,1000000.0,3.0,333333.0,1833333,12850000.0,5433333,18283333,0.1
Santos Laguna,E. Echeverría,Emmanuel Echeverría,21,1281,22,Left Back,24,2160,0.59,90000.0,01-07-2024,30-06-2026,,,,,,2.0,,90000,9150000.0,3645833,12795833,0.007
Necaxa,P. Pérez,Pável Pérez,25,1276,27,Left Attacking Midfielder,29,2610,0.49,610000.0,02-01-2025,30-06-2026,24/25,Invierno europeo,1146.0,786000.0,1000000.0,1.0,1000000.0,1610000,8700000.0,6121867,14821867,0.109
Necaxa,J. Rojas,Johan Rojas,26,1276,23,Left Midfielder,29,2610,0.49,440000.0,03-07-2025,31-12-2025,,,,,,0.0,,440000,8700000.0,6121867,14821867,0.03
Necaxa,T. Badaloni,Tomás Badaloni,24,1273,25,Centre Forward,29,2610,0.49,380000.0,31-07-2024,30-06-2029,24/25,Verano europeo,1146.0,568546.0,916000.0,5.0,183200.0,563200,8700000.0,6121867,14821867,0.038
Cruz Azul,G. Fernández,Gabriel Fernández,24,1272,31,Centre Forward,35,3150,0.4,1590000.0,01-01-2024,30-06-2026,,,,,,2.0,,1590000,23380000.0,28637500,52017500,0.031
Cruz Azul,L. Romero,Luka Romero,30,1265,20,Central Midfielder,35,3150,0.4,1330000.0,18-01-2025,30-06-2030,24/25,Invierno europeo,3711.0,769063.0,3200000.0,5.0,640000.0,1970000,23380000.0,28637500,52017500,0.038
Pachuca,L. Quiñones,Luis Quiñones,19,1264,34,Centre Attacking Midfielder,32,2880,0.44,880000.0,01-07-2025,30-06-2026,,,,,,1.0,,880000,18330000.0,0,18330000,0.048
Tijuana,K. Escamilla,Kevin Escamilla,21,1261,31,Central Midfielder,26,2340,0.54,350000.0,29-08-2025,30-06-2026,25/26,Verano europeo,13353.0,51546.0,800000.0,1.0,800000.0,1150000,11350000.0,11783333,23133333,0.05
Monterrey,E. Andrada,Esteban Andrada,14,1260,34,Goalkeeper,36,3240,0.39,,,,,,,,,,,0,47650000.0,10834167,61864167,0.0
Mazatlán,R. Gutiérrez,Ricardo Gutiérrez,14,1260,28,Goalkeeper,25,2250,0.56,310000.0,23-08-2023,30-06-2026,,,,,,3.0,,310000,9710000.0,1747917,11457917,0.027
Querétaro,Ó. Manzanárez,Óscar Manzanárez,14,1243,30,Left Centre Back,22,1980,0.63,340000.0,01-07-2023,30-06-2026,,,,,,3.0,,340000,11550000.0,8850000,20400000,0.017
Santos Laguna,É. Gutiérrez,Édson Gutiérrez,18,1235,29,Right Centre Back,24,2160,0.57,610000.0,02-02-2025,30-06-2026,24/25,Invierno europeo,1403.0,270145.0,600000.0,1.0,600000.0,1210000,9150000.0,3645833,12795833,0.095
Pumas UNAM,P. Monroy,Pablo Monroy,22,1234,23,Right Back,32,2880,0.43,110000.0,01-07-2023,30-06-2026,,,,,,3.0,,110000,12860000.0,5755000,18615000,0.006
Querétaro,S. Homenchenko,Santiago Homenchenko,22,1224,22,Left Centre Back,22,1980,0.62,350000.0,09-08-2025,30-06-2026,,,,,,1.0,,350000,11550000.0,8850000,20400000,0.017
Tijuana,R. Árciga,Ramiro Árciga,22,1223,21,Right Midfielder,26,2340,0.52,230000.0,01-01-2025,30-06-2026,24/25,Invierno europeo,13353.0,1087349.0,1000000.0,1.0,1000000.0,1230000,11350000.0,11783333,23133333,0.053
Santos Laguna,C. Dájome,Cristian Dájome,22,1215,31,Right Attacking Midfielder,24,2160,0.56,880000.0,02-01-2025,30-06-2026,,,,,,1.0,,880000,9150000.0,3645833,12795833,0.069
Monterrey,I. Fimbres,Iker Fimbres,23,1214,20,Central Midfielder,36,3240,0.37,110000.0,01-01-2025,30-06-2026,,,,,,1.0,,110000,47650000.0,10834167,61864167,0.002
Santos Laguna,K. Balanta,Kevin Balanta,14,1205,28,Left Centre Back,24,2160,0.56,580000.0,01-07-2025,01-07-2026,,,,,,1.0,,580000,9150000.0,3645833,12795833,0.045
Querétaro,O. Mendoza,Omar Mendoza,17,1191,37,Right Back,22,1980,0.6,440000.0,01-01-2021,30-06-2026,,,,,,5.0,,440000,11550000.0,8850000,20400000,0.022
Juárez,Á. Zaldívar,Ángel Zaldívar,27,1189,31,Centre Forward,28,2520,0.47,610000.0,12-12-2024,31-12-2025,,,,,,1.0,,610000,12850000.0,5433333,18283333,0.033
Monterrey,S. Mele,Santiago Mele,13,1170,28,Goalkeeper,36,3240,0.36,1260000.0,11-06-2025,30-06-2029,24/25,Verano europeo,2407.0,320739.0,3000000.0,4.0,750000.0,2010000,47650000.0,10834167,61864167,0.032
Necaxa,E. Lara,Emilio Lara,13,1170,23,Right Centre Back,29,2610,0.45,150000.0,01-07-2025,30-06-2026,,,,,,1.0,,150000,8700000.0,6121867,14821867,0.01
Pumas UNAM,K. Navas,Keylor Navas,13,1169,38,Goalkeeper,32,2880,0.41,2000000.0,21-07-2025,30-06-2026,25/26,Verano europeo,7633.0,79422.0,1630000.0,1.0,1630000.0,3630000,12860000.0,5755000,18615000,0.195
Club América,V. Dávila,Víctor Dávila,28,1165,28,Centre Forward,35,3150,0.37,1880000.0,15-09-2024,30-06-2027,24/25,Verano europeo,3631.0,366143.0,7500000.0,3.0,2500000.0,4380000,39090000.0,25266667,64356667,0.068
Guadalajara,É. Gutiérrez,Érick Gutiérrez,17,1165,30,Central Midfielder,30,2700,0.43,1150000.0,02-07-2023,30-06-2027,,,,,,4.0,,1150000,27200000.0,22351667,49551667,0.023
León,I. Moreno,Iván Moreno,25,1164,27,Right Back,28,2520,0.46,190000.0,01-07-2023,30-06-2026,,,,,,3.0,,190000,18000000.0,10275833,28275833,0.007
Club América,R. Aguirre,Rodrigo Aguirre,29,1158,31,Centre Forward,35,3150,0.37,2500000.0,18-07-2024,30-06-2027,24/25,Verano europeo,3631.0,189410.0,2700000.0,3.0,900000.0,3400000,39090000.0,25266667,64356667,0.053
Club América,A. Gutiérrez,Alexis Gutiérrez,22,1158,25,Central Midfielder,35,3150,0.37,800000.0,25-06-2025,30-06-2026,25/26,Verano europeo,3631.0,371171.0,4300000.0,1.0,4300000.0,5100000,39090000.0,25266667,64356667,0.079
Puebla,A. Organista,Alejandro Organista,16,1148,25,Central Midfielder,26,2340,0.49,380000.0,06-07-2025,30-06-2026,,,,,,1.0,,380000,11000000.0,7816667,18816667,0.02
Juárez,H. Martínez,Homer Martínez,13,1142,28,Central Midfielder,28,2520,0.45,530000.0,23-07-2025,30-06-2028,25/26,Verano europeo,49283.0,656344.0,750000.0,3.0,250000.0,780000,12850000.0,5433333,18283333,0.043
Club América,R. Orquin,Ralph Orquin,14,1137,22,Left Back,35,3150,0.36,380000.0,01-07-2023,30-06-2026,,,,,,3.0,,380000,39090000.0,25266667,64356667,0.006
Pumas UNAM,R. Ergas,Robert Ergas,14,1131,27,Left Back,32,2880,0.39,,,,,,,,,,,0,12860000.0,5755000,18615000,0.0
Juárez,J. Murillo,Jesús Murillo,15,1123,31,Left Centre Back,28,2520,0.45,800000.0,02-01-2025,30-06-2026,,,,,,1.0,,800000,12850000.0,5433333,18283333,0.044
León,P. Bellón,Paúl Bellón,15,1120,28,Left Centre Back,28,2520,0.44,560000.0,01-07-2022,30-06-2026,,,,,,4.0,,560000,18000000.0,10275833,28275833,0.02
Guadalajara,R. González,Rubén González,18,1108,31,Central Midfielder,30,2700,0.41,,,,,,,,,,,0,27200000.0,22351667,49551667,0.0
Querétaro,Á. Zapata,Ángel Zapata,15,1103,24,Central Midfielder,22,1980,0.56,350000.0,08-01-2025,30-06-2026,24/25,Invierno europeo,4961.0,798507.0,800000.0,1.0,800000.0,1150000,11550000.0,8850000,20400000,0.056
Atlético San Luis,A. Cruz,Aldo Cruz,22,1097,28,Left Back,26,2340,0.47,560000.0,01-01-2024,30-06-2026,,,,,,2.0,,560000,8040000.0,1600000,9640000,0.058
Pachuca,A. Domínguez,Alexéi Domínguez,19,1094,20,Right Attacking Midfielder,32,2880,0.38,230000.0,01-01-2024,30-06-2026,,,,,,2.0,,230000,18330000.0,0,18330000,0.013
Puebla,J. Pachuca,José Pachuca,18,1082,20,Right Centre Back,26,2340,0.46,90000.0,01-01-2025,30-06-2026,,,,,,1.0,,90000,11000000.0,7816667,18816667,0.005
Pumas UNAM,Á. Angulo,Álvaro Angulo,13,1081,28,Left Back,32,2880,0.38,610000.0,15-07-2025,30-06-2028,25/26,Verano europeo,7633.0,366324.0,425000.0,3.0,141667.0,751667,12860000.0,5755000,18615000,0.04
Mazatlán,A. Duarte,Anderson Duarte,18,1080,21,Centre Forward,25,2250,0.48,440000.0,20-01-2025,31-12-2025,,,,,,0.0,,440000,9710000.0,1747917,11457917,0.038
Santos Laguna,B. Barticciotto,Bruno Barticciotto,17,1068,24,Centre Forward,24,2160,0.49,150000.0,03-02-2025,31-12-2025,,,,,,0.0,,150000,9150000.0,3645833,12795833,0.012
Toluca,Luan,Luan,16,1060,32,Right Centre Back,34,3060,0.35,890000.0,01-07-2024,30-06-2026,24/25,Verano europeo,1804.0,178984.0,3300000.0,2.0,1650000.0,2540000,25380000.0,25421667,50801667,0.05
Tijuana,Vitinho,Vitinho,18,1049,24,Right Winger,26,2340,0.45,530000.0,16-07-2025,30-06-2026,25/26,Verano europeo,13353.0,813048.0,3000000.0,1.0,3000000.0,3530000,11350000.0,11783333,23133333,0.153
Tigres UANL,B. Parra,Bernardo Parra,18,1048,20,Defensive Midfielder,37,3330,0.31,,,,,,,,,,,0,36450000.0,10285834,46735834,0.0
Club América,A. Cervantes,Alan Cervantes,23,1041,27,Defensive Midfielder,35,3150,0.33,1500000.0,15-07-2024,31-12-2025,24/25,Verano europeo,3631.0,400173.0,3000000.0,1.0,3000000.0,4500000,39090000.0,25266667,64356667,0.07
Atlas,A. Mora,Adrián Mora,14,1040,28,Left Centre Back,25,2250,0.46,680000.0,15-06-2025,30-06-2026,,,,,,1.0,,680000,10890000.0,6566667,17456667,0.039
Guadalajara,A. González,Armando González,20,1033,22,Centre Forward,30,2700,0.38,80000.0,01-01-2024,31-12-2026,,,,,,2.0,,80000,27200000.0,22351667,49551667,0.002
Puebla,O. González,Owen González,18,1030,22,Right Attacking Midfielder,26,2340,0.44,310000.0,01-07-2025,30-06-2026,25/26,Verano europeo,5662.0,1094384.0,1200000.0,1.0,1200000.0,1510000,11000000.0,7816667,18816667,0.08
Mazatlán,J. Esquivel,José Esquivel,15,1015,27,Central Midfielder,25,2250,0.45,900000.0,16-08-2023,30-06-2026,,,,,,3.0,,900000,9710000.0,1747917,11457917,0.079
Pachuca,L. Rodríguez,Luis Rodríguez,15,1012,34,Right Back,32,2880,0.35,430000.0,16-01-2024,30-06-2026,,,,,,2.0,,430000,18330000.0,0,18330000,0.023
Puebla,A. Gamarra,Ariel Gamarra,13,1000,22,Central Midfielder,26,2340,0.43,110000.0,11-07-2025,01-07-2026,,,,,,1.0,,110000,11000000.0,7816667,18816667,0.006
Mazatlán,Fábio Gomes,Fábio Gomes,12,999,28,Centre Forward,25,2250,0.44,,,,,,,,,,,0,9710000.0,1747917,11457917,0.0
Club América,H. Martín,Henry Martín,17,998,32,Centre Forward,35,3150,0.32,3450000.0,10-05-2024,30-06-2027,,,,,,3.0,,3450000,39090000.0,25266667,64356667,0.054
Puebla,J. Rivas,Jesús Rivas,15,998,23,Right Back,26,2340,0.43,230000.0,02-07-2023,30-06-2026,24/25,Invierno europeo,5662.0,716750.0,800000.0,3.0,266667.0,496667,11000000.0,7816667,18816667,0.026
León,Ó. Jiménez,Óscar Jiménez,11,990,37,Goalkeeper,28,2520,0.39,560000.0,01-07-2024,30-06-2026,,,,,,2.0,,560000,18000000.0,10275833,28275833,0.02
Querétaro,G. Allison,Guillermo Allison,11,990,35,Goalkeeper,22,1980,0.5,380000.0,01-07-2023,30-06-2026,,,,,,3.0,,380000,11550000.0,8850000,20400000,0.019
Necaxa,T. Jacob,Tomás Jacob,13,982,21,Right Centre Back,29,2610,0.38,380000.0,15-07-2025,30-06-2030,25/26,Verano europeo,1146.0,950131.0,2410000.0,5.0,482000.0,862000,8700000.0,6121867,14821867,0.058
Monterrey,É. Aguirre,Érick Aguirre,18,980,28,Right Back,36,3240,0.3,840000.0,03-07-2021,30-06-2026,,,,,,5.0,,840000,47650000.0,10834167,61864167,0.014
Pumas UNAM,I. Pussetto,Ignacio Pussetto,15,973,29,Centre Attacking Midfielder,32,2880,0.34,,,,,,,,,,,0,12860000.0,5755000,18615000,0.0
León,A. Alvarado,Alfonso Alvarado,21,967,25,Centre Forward,28,2520,0.38,410000.0,01-07-2020,30-06-2026,,,,,,6.0,,410000,18000000.0,10275833,28275833,0.015
Pumas UNAM,P. Quispe,Piero Quispe,24,966,24,Central Midfielder,32,2880,0.34,,,,,,,,,,,0,12860000.0,5755000,18615000,0.0
León,S. Mendoza,Steven Mendoza,11,961,33,Left Attacking Midfielder,28,2520,0.38,,,,,,,,,,,0,18000000.0,10275833,28275833,0.0
Tigres UANL,M. Flores,Marcelo Flores,21,958,22,Left Attacking Midfielder,37,3330,0.29,260000.0,10-09-2023,30-06-2026,,,,,,3.0,,260000,36450000.0,10285834,46735834,0.006
Toluca,E. López,Everardo López,13,956,20,Left Centre Back,34,3060,0.31,,,,,,,,,,,0,25380000.0,25421667,50801667,0.0
Pumas UNAM,Á. Azuaje,Angel Azuaje,15,951,21,Left Centre Back,32,2880,0.33,110000.0,30-06-2023,30-06-2026,,,,,,3.0,,110000,12860000.0,5755000,18615000,0.006
Querétaro,J. Julio,Jhojan Julio,20,947,27,Left Midfielder,22,1980,0.48,700000.0,18-07-2025,30-06-2026,25/26,Verano europeo,4961.0,390926.0,1200000.0,1.0,1200000.0,1900000,11550000.0,8850000,20400000,0.093
Puebla,R. Castillo,Raúl Castillo,18,937,24,Centre Forward,26,2340,0.4,210000.0,01-07-2024,30-06-2026,24/25,Verano europeo,5662.0,663290.0,700000.0,2.0,350000.0,560000,11000000.0,7816667,18816667,0.03
Pachuca,V. Guzmán,Víctor Guzmán,20,936,30,Centre Attacking Midfielder,32,2880,0.32,780000.0,01-07-2025,30-06-2026,,,,,,1.0,,780000,18330000.0,0,18330000,0.043
León,J. Cortizo,Jordi Cortizo,26,933,29,Right Attacking Midfielder,28,2520,0.37,800000.0,09-08-2025,31-07-2028,25/26,Verano europeo,4941.0,430021.0,2590000.0,3.0,863333.0,1663333,18000000.0,10275833,28275833,0.059
Atlético San Luis,B. Galdames,Benjamín Galdames,21,933,24,Left Attacking Midfielder,26,2340,0.4,150000.0,29-06-2021,30-06-2026,,,,,,5.0,,150000,8040000.0,1600000,9640000,0.016
Toluca,N. Castro,Nicolás Castro,17,928,25,Centre Attacking Midfielder,34,3060,0.3,1150000.0,01-07-2025,30-06-2026,25/26,Verano europeo,1804.0,565899.0,5000000.0,1.0,5000000.0,6150000,25380000.0,25421667,50801667,0.121
Santos Laguna,H. Ortega,Haret Ortega,13,923,25,Right Centre Back,24,2160,0.43,150000.0,01-07-2025,30-06-2026,,,,,,1.0,,150000,9150000.0,3645833,12795833,0.012
Monterrey,L. Reyes,Luis Reyes,14,920,34,Left Back,36,3240,0.28,560000.0,02-01-2025,30-06-2026,24/25,Invierno europeo,2407.0,264133.0,800000.0,1.0,800000.0,1360000,47650000.0,10834167,61864167,0.022
Guadalajara,A. Pulido,Alan Pulido,17,913,34,Centre Forward,30,2700,0.34,2640000.0,07-01-2025,31-12-2025,24/25,Invierno europeo,6711.0,143045.0,1450000.0,0.0,,2640000,27200000.0,22351667,49551667,0.053
Cruz Azul,J. Márquez,Jeremy Márquez,20,911,25,Central Midfielder,35,3150,0.29,750000.0,10-07-2025,30-06-2029,,,,,,4.0,,750000,23380000.0,28637500,52017500,0.014
León,Ó. García,Óscar García,10,900,22,Goalkeeper,28,2520,0.36,90000.0,01-07-2024,30-06-2026,,,,,,2.0,,90000,18000000.0,10275833,28275833,0.003
Tijuana,S. Hernández,Salim Hernández,10,900,26,Goalkeeper,26,2340,0.38,310000.0,07-07-2025,30-06-2026,,,,,,1.0,,310000,11350000.0,11783333,23133333,0.013
Puebla,L. Rey,Luis Gabriel Rey,14,899,23,Right Centre Back,26,2340,0.38,350000.0,01-07-2025,31-12-2025,,,,,,0.0,,350000,11000000.0,7816667,18816667,0.019
Toluca,H. Herrera,Héctor Herrera,25,888,35,Central Midfielder,34,3060,0.29,1170000.0,02-01-2025,30-06-2026,,,,,,1.0,,1170000,25380000.0,25421667,50801667,0.023
Toluca,R. Morales,Robert Morales,25,888,26,Centre Forward,34,3060,0.29,530000.0,01-07-2023,30-06-2026,,,,,,3.0,,530000,25380000.0,25421667,50801667,0.01
Mazatlán,J. Díaz,Jair Díaz,14,883,27,Left Back,25,2250,0.39,340000.0,01-07-2024,30-06-2026,24/25,Verano europeo,82696.0,495116.0,1000000.0,2.0,500000.0,840000,9710000.0,1747917,11457917,0.073
Querétaro,J. Perlaza,Jonathan Perlaza,21,880,28,Left Back,22,1980,0.44,150000.0,06-01-2020,30-06-2026,,,,,,6.0,,150000,11550000.0,8850000,20400000,0.007
Guadalajara,M. Tapias,Miguel Tapias,13,870,28,Left Centre Back,30,2700,0.32,1330000.0,02-01-2025,31-12-2027,24/25,Invierno europeo,6711.0,401340.0,960000.0,2.0,480000.0,1810000,27200000.0,22351667,49551667,0.037
Tijuana,D. Blanco,Domingo Blanco,20,866,30,Left Midfielder,26,2340,0.37,980000.0,01-07-2024,30-06-2027,,,,,,3.0,,980000,11350000.0,11783333,23133333,0.042
Guadalajara,M. Chávez,Mateo Chávez,10,858,21,Left Back,30,2700,0.32,,,,,,,,,,,0,27200000.0,22351667,49551667,0.0
Pachuca,C. Sánchez,Carlos Sánchez,24,858,23,Right Back,32,2880,0.3,350000.0,27-05-2025,31-12-2028,,,,,,3.0,,350000,18330000.0,0,18330000,0.019
Pachuca,B. García,Brian García,17,852,28,Right Back,32,2880,0.3,380000.0,01-06-2025,30-06-2026,,,,,,1.0,,380000,18330000.0,0,18330000,0.021
Pachuca,John Kennedy,John Kennedy,15,851,23,Centre Attacking Midfielder,32,2880,0.3,2380000.0,05-06-2025,30-06-2026,,,,,,1.0,,2380000,18330000.0,0,18330000,0.13
Necaxa,R. Monreal,Ricardo Monreal,23,845,24,Centre Forward,29,2610,0.32,150000.0,08-09-2023,30-06-2027,,,,,,4.0,,150000,8700000.0,6121867,14821867,0.01
Club América,J. dos Santos,Jonathan dos Santos,17,827,35,Central Midfielder,35,3150,0.26,2300000.0,01-01-2022,30-06-2026,,,,,,4.0,,2300000,39090000.0,25266667,64356667,0.036
Juárez,J. Torres,Jairo Torres,13,825,25,Central Midfielder,28,2520,0.33,1060000.0,21-02-2024,30-06-2026,,,,,,2.0,,1060000,12850000.0,5433333,18283333,0.058
Atlético San Luis,Juanpe,Juan Pedro Ramírez López,11,824,34,Right Centre Back,26,2340,0.35,530000.0,03-07-2025,31-05-2027,,,,,,2.0,,530000,8040000.0,1600000,9640000,0.055
Puebla,F. Monárrez,Fernando Monárrez,12,821,26,Left Wing Back,26,2340,0.35,700000.0,06-07-2025,30-06-2026,25/26,Verano europeo,5662.0,644271.0,700000.0,1.0,700000.0,1400000,11000000.0,7816667,18816667,0.074
Guadalajara,M. Gómez,Miguel Gómez,16,815,23,Right Back,30,2700,0.3,110000.0,01-07-2025,30-06-2026,,,,,,1.0,,110000,27200000.0,22351667,49551667,0.002
Monterrey,L. Cárdenas,Luis Cárdenas,9,810,32,Goalkeeper,36,3240,0.25,530000.0,18-08-2023,30-06-2026,,,,,,3.0,,530000,47650000.0,10834167,61864167,0.009
Toluca,Pau López,Pau López,9,810,30,Goalkeeper,34,3060,0.26,,,,,,,,,,,0,25380000.0,25421667,50801667,0.0
Atlético San Luis,M. Klimowicz,Mateo Klimowicz,20,801,25,Centre Attacking Midfielder,26,2340,0.34,280000.0,01-01-2024,30-06-2026,,,,,,2.0,,280000,8040000.0,1600000,9640000,0.029
Atlas,M. Nervo,Martín Nervo,9,798,34,Central Defender,25,2250,0.35,,,,,,,,,,,0,10890000.0,6566667,17456667,0.0
Juárez,D. Villalpando,Dieter Villalpando,22,796,34,Centre Forward,28,2520,0.32,440000.0,01-01-2024,30-06-2026,,,,,,2.0,,440000,12850000.0,5433333,18283333,0.024
Toluca,Helinho,Helinho,20,794,25,Right Attacking Midfielder,34,3060,0.26,1280000.0,15-09-2024,30-06-2026,24/25,Verano europeo,1804.0,412365.0,13500000.0,2.0,6750000.0,8030000,25380000.0,25421667,50801667,0.158
Puebla,M. Ramírez,Miguel Ramírez,14,790,23,Central Midfielder,26,2340,0.34,210000.0,03-07-2025,01-07-2026,,,,,,1.0,,210000,11000000.0,7816667,18816667,0.011
Puebla,E. Lozano,Esteban Lozano,16,788,22,Centre Forward,26,2340,0.34,190000.0,01-07-2025,30-06-2026,,,,,,1.0,,190000,11000000.0,7816667,18816667,0.01
Tijuana,A. Mejía,Aarón Mejía,15,785,24,Right Back,26,2340,0.34,150000.0,01-07-2023,30-06-2026,,,,,,3.0,,150000,11350000.0,11783333,23133333,0.006
Tijuana,S. Nicholson,Shamar Nicholson,18,773,28,Centre Forward,26,2340,0.33,790000.0,02-02-2025,30-06-2026,24/25,Invierno europeo,13353.0,354666.0,1600000.0,1.0,1600000.0,2390000,11350000.0,11783333,23133333,0.103
Guadalajara,C. Cowell,Cade Cowell,23,769,22,Centre Forward,30,2700,0.28,1500000.0,15-01-2024,30-06-2026,,,,,,2.0,,1500000,27200000.0,22351667,49551667,0.03
Guadalajara,A. Mozo,Alan Mozo,14,768,28,Right Midfielder,30,2700,0.28,1500000.0,13-09-2024,30-06-2028,,,,,,4.0,,1500000,27200000.0,22351667,49551667,0.03
Guadalajara,R. Ledezma,Richard Ledezma,14,767,25,Right Midfielder,30,2700,0.28,1230000.0,01-07-2025,30-06-2026,,,,,,1.0,,1230000,27200000.0,22351667,49551667,0.025
Querétaro,E. Armenta,Eduardo Armenta,12,764,23,Central Midfielder,22,1980,0.39,250000.0,08-01-2025,30-06-2026,24/25,Invierno europeo,4961.0,654144.0,600000.0,1.0,600000.0,850000,11550000.0,8850000,20400000,0.042
Pumas UNAM,R. López,Rodrigo López,19,757,24,Right Attacking Midfielder,32,2880,0.26,190000.0,29-08-2023,30-06-2026,,,,,,3.0,,190000,12860000.0,5755000,18615000,0.01
León,A. Frías,Adonis Frías,10,750,27,Left Centre Back,28,2520,0.3,,,,,,,,,,,0,18000000.0,10275833,28275833,0.0
Atlas,G. del Prete,Gustavo del Prete,18,747,29,Centre Forward,25,2250,0.33,800000.0,01-01-2025,30-06-2026,24/25,Invierno europeo,8590.0,671951.0,2000000.0,1.0,2000000.0,2800000,10890000.0,6566667,17456667,0.16
Mazatlán,Y. Bárcenas,Yoel Bárcenas,10,744,32,Right Midfielder,25,2250,0.33,530000.0,01-07-2022,30-06-2026,,,,,,4.0,,530000,9710000.0,1747917,11457917,0.046
Tigres UANL,S. Córdova,Sebastián Córdova,24,739,28,Centre Forward,37,3330,0.22,1280000.0,01-01-2022,31-12-2025,,,,,,3.0,,1280000,36450000.0,10285834,46735834,0.027
Santos Laguna,J. Carrillo,Jordán Carrillo,20,733,23,Centre Attacking Midfielder,24,2160,0.34,110000.0,01-07-2021,30-06-2025,,,,,,4.0,,110000,9150000.0,3645833,12795833,0.009
Pachuca,Kenedy,Kenedy,15,727,29,Right Attacking Midfielder,32,2880,0.25,2380000.0,05-06-2025,30-06-2026,,,,,,1.0,,2380000,18330000.0,0,18330000,0.13
Pumas UNAM,L. Suárez,Leo Suárez,12,722,29,Right Attacking Midfielder,32,2880,0.25,,,,,,,,,,,0,12860000.0,5755000,18615000,0.0
Querétaro,F. Russo,Franco Russo,8,720,31,Right Centre Back,22,1980,0.36,,,,,,,,,,,0,11550000.0,8850000,20400000,0.0
Querétaro,P. Barrera,Pablo Barrera,15,719,38,Right Attacking Midfielder,22,1980,0.36,810000.0,01-08-2025,31-12-2025,,,,,,0.0,,810000,11550000.0,8850000,20400000,0.04
Puebla,E. Guerra,Edgar Guerra,13,716,24,Right Midfielder,26,2340,0.31,610000.0,,31-12-2026,,,,,,,,610000,11000000.0,7816667,18816667,0.032
Querétaro,D. Reyes,Diego Reyes,9,715,33,Right Centre Back,22,1980,0.36,700000.0,17-08-2025,30-06-2026,,,,,,1.0,,700000,11550000.0,8850000,20400000,0.034
Atlas,S. Hernández,Sergio Hernandez,12,708,21,Central Midfielder,25,2250,0.31,,,,,,,,,,,0,10890000.0,6566667,17456667,0.0
Atlético San Luis,Yan Phillipe,Yan Phillipe,16,704,21,Centre Forward,26,2340,0.3,90000.0,31-01-2024,31-12-2026,,,,,,2.0,,90000,8040000.0,1600000,9640000,0.009
León,D. Ramírez,David Ramírez,17,690,29,Right Back,28,2520,0.27,160000.0,01-07-2020,30-06-2026,,,,,,6.0,,160000,18000000.0,10275833,28275833,0.006
Necaxa,F. Rossano,Franco Rossano,13,686,20,Left Back,29,2610,0.26,210000.0,01-07-2025,30-06-2026,,,,,,1.0,,210000,8700000.0,6121867,14821867,0.014
Tigres UANL,U. Antuna,Uriel Antuna,23,676,28,Right Attacking Midfielder,37,3330,0.2,3130000.0,27-08-2024,30-06-2028,24/25,Verano europeo,7055.0,355998.0,7210000.0,4.0,1802500.0,4932500,36450000.0,10285834,46735834,0.106
Puebla,B. Angulo León,Brayan Alexis Angulo León,9,675,36,Central Midfielder,26,2340,0.29,,,,,,,,,,,0,11000000.0,7816667,18816667,0.0
Toluca,A. Briseño,Antonio Briseño,13,674,31,Right Centre Back,34,3060,0.22,700000.0,01-01-2025,30-06-2026,24/25,Invierno europeo,1804.0,107444.0,900000.0,1.0,900000.0,1600000,25380000.0,25421667,50801667,0.031
Pumas UNAM,A. Medina,Alan Medina,18,672,28,Centre Forward,32,2880,0.23,350000.0,16-08-2025,16-08-2026,,,,,,1.0,,350000,12860000.0,5755000,18615000,0.019
Santos Laguna,S. Mariscal,Salvador Mariscal,13,663,22,Central Midfielder,24,2160,0.31,90000.0,01-07-2024,30-06-2026,,,,,,2.0,,90000,9150000.0,3645833,12795833,0.007
León,I. Díaz,Ismael Díaz,11,659,28,Left Attacking Midfielder,28,2520,0.26,560000.0,24-07-2025,30-06-2028,25/26,Verano europeo,4941.0,243298.0,425000.0,3.0,141667.0,701667,18000000.0,10275833,28275833,0.025
Guadalajara,S. Sandoval,Santiago Sandoval,12,657,18,Centre Forward,30,2700,0.24,110000.0,01-07-2025,30-06-2026,,,,,,1.0,,110000,27200000.0,22351667,49551667,0.002
Guadalajara,H. Camberos,Hugo Camberos,16,654,18,Left Attacking Midfielder,30,2700,0.24,110000.0,07-07-2025,30-06-2027,,,,,,2.0,,110000,27200000.0,22351667,49551667,0.002
Tigres UANL,I. López,Édgar López,16,653,26,Centre Forward,37,3330,0.2,440000.0,01-07-2025,30-06-2026,,,,,,1.0,,440000,36450000.0,10285834,46735834,0.009
Tigres UANL,Rafael Carioca,Rafael Carioca,13,646,36,Central Midfielder,37,3330,0.19,,,,,,,,,,,0,36450000.0,10285834,46735834,0.0
Club América,D. Espinoza,Dagoberto Espinoza,11,642,21,Right Back,35,3150,0.2,190000.0,01-07-2024,30-06-2026,,,,,,2.0,,190000,39090000.0,25266667,64356667,0.003
Juárez,R. Fulgencio,Raymundo Fulgencio,19,638,25,Left Midfielder,28,2520,0.25,440000.0,15-07-2025,30-06-2028,25/26,Verano europeo,49283.0,600905.0,2500000.0,3.0,833333.0,1273333,12850000.0,5433333,18283333,0.07
Monterrey,R. de la Rosa,Roberto de la Rosa,23,637,25,Centre Forward,36,3240,0.2,790000.0,01-07-2025,30-06-2026,25/26,Verano europeo,2407.0,371168.0,1500000.0,1.0,1500000.0,2290000,47650000.0,10834167,61864167,0.037
Atlas,A. González,Arturo González,19,636,31,Right Attacking Midfielder,25,2250,0.28,800000.0,16-07-2025,30-06-2026,25/26,Verano europeo,8590.0,185012.0,2500000.0,1.0,2500000.0,3300000,10890000.0,6566667,17456667,0.189
Querétaro,A. Pérez,Aldahir Pérez,14,634,21,Central Midfielder,22,1980,0.32,110000.0,01-01-2025,30-06-2026,,,,,,1.0,,110000,11550000.0,8850000,20400000,0.005
Tigres UANL,M. Farfan,Marco Farfan,10,633,27,Left Back,37,3330,0.19,960000.0,06-08-2025,30-06-2026,25/26,Verano europeo,7055.0,429443.0,2000000.0,1.0,2000000.0,2960000,36450000.0,10285834,46735834,0.063
Club América,I. Violante,Isaías Violante,24,631,22,Centre Forward,35,3150,0.2,530000.0,14-11-2024,30-06-2028,25/26,Verano europeo,3631.0,668496.0,7000000.0,4.0,1750000.0,2280000,39090000.0,25266667,64356667,0.035
León,Á. Estrada,Ángel Estrada,17,626,22,Defensive Midfielder,28,2520,0.25,160000.0,11-07-2025,31-12-2025,,,,,,0.0,,160000,18000000.0,10275833,28275833,0.006
Mazatlán,O. Moreno,Omar Moreno,14,624,20,Left Attacking Midfielder,25,2250,0.28,,,,,,,,,,,0,9710000.0,1747917,11457917,0.0
Santos Laguna,K. Palacios,Kevin Palacios,12,620,25,Left Attacking Midfielder,24,2160,0.29,630000.0,10-07-2025,30-06-2029,25/26,Verano europeo,1403.0,906775.0,850000.0,4.0,212500.0,842500,9150000.0,3645833,12795833,0.066
Atlas,P. Ramírez,Paulo Ramírez,13,613,23,Central Midfielder,25,2250,0.27,110000.0,01-01-2025,30-06-2026,,,,,,1.0,,110000,10890000.0,6566667,17456667,0.006
Guadalajara,J. Hernández,Chicharito,13,606,37,Centre Forward,30,2700,0.22,5000000.0,24-01-2024,30-06-2026,,,,,,2.0,,5000000,27200000.0,22351667,49551667,0.101
Club América,D. Valdés,Diego Valdés,17,606,31,Centre Forward,35,3150,0.19,,,,,,,,,,,0,39090000.0,25266667,64356667,0.0
Mazatlán,M. Laínez,Mauro Laínez,18,602,29,Left Attacking Midfielder,25,2250,0.27,500000.0,01-07-2024,30-06-2026,24/25,Verano europeo,82696.0,325600.0,700000.0,2.0,350000.0,850000,9710000.0,1747917,11457917,0.074
Querétaro,R. Cisneros,Ronaldo Cisneros,13,599,28,Centre Forward,22,1980,0.3,,,,,,,,,,,0,11550000.0,8850000,20400000,0.0
Pachuca,J. Berlanga,Jorge Berlanga,10,598,22,Right Back,32,2880,0.21,100000.0,01-01-2024,30-06-2026,,,,,,2.0,,100000,18330000.0,0,18330000,0.005
Guadalajara,O. Govea,Omar Govea,8,582,29,Central Midfielder,30,2700,0.22,560000.0,01-07-2024,30-06-2027,24/25,Verano europeo,6711.0,282927.0,2300000.0,3.0,766667.0,1326667,27200000.0,22351667,49551667,0.027
Santos Laguna,A. Ocejo,Alberto Ocejo,14,580,27,Centre Forward,24,2160,0.27,,,,,,,,,,,0,9150000.0,3645833,12795833,0.0
Mazatlán,A. Torres,Alan Torres,11,580,25,Central Midfielder,25,2250,0.26,700000.0,01-07-2024,30-06-2027,,,,,,3.0,,700000,9710000.0,1747917,11457917,0.061
Juárez,Ricardinho,Ricardinho,12,579,27,Left Attacking Midfielder,28,2520,0.23,440000.0,01-07-2025,30-06-2028,,,,,,3.0,,440000,12850000.0,5433333,18283333,0.024
Mazatlán,J. Hernández,Jesús Hernández,12,568,24,Right Attacking Midfielder,25,2250,0.25,,,,,,,,,,,0,9710000.0,1747917,11457917,0.0
Atlas,C. Orrantía,Carlos Orrantía,14,567,34,Right Midfielder,25,2250,0.25,440000.0,01-01-2025,30-06-2026,24/25,Invierno europeo,8590.0,124788.0,400000.0,1.0,400000.0,840000,10890000.0,6566667,17456667,0.048
Mazatlán,J. Intriago,Jefferson Intriago,10,561,29,Central Midfielder,25,2250,0.25,980000.0,20-11-2023,31-12-2027,,,,,,4.0,,980000,9710000.0,1747917,11457917,0.086
Tijuana,P. Ortíz,Pablo Ortíz,11,558,23,Left Back,26,2340,0.24,230000.0,09-06-2025,30-06-2026,,,,,,1.0,,230000,11350000.0,11783333,23133333,0.01
León,A. Guardado,Andrés Guardado,7,551,39,Defensive Midfielder,28,2520,0.22,,,,,,,,,,,0,18000000.0,10275833,28275833,0.0
Guadalajara,R. Martínez,Raúl Martínez,7,549,22,Left Centre Back,30,2700,0.2,110000.0,01-09-2023,30-06-2026,,,,,,3.0,,110000,27200000.0,22351667,49551667,0.002
Mazatlán,S. Rodríguez,Salvador Rodriguez,13,543,24,Left Back,25,2250,0.24,130000.0,04-04-2024,30-06-2027,,,,,,3.0,,130000,9710000.0,1747917,11457917,0.011
Querétaro,C. Villanueva,Carlos Villanueva,7,541,31,Right Centre Back,22,1980,0.27,350000.0,22-07-2025,30-06-2026,25/26,Verano europeo,4961.0,234242.0,350000.0,1.0,350000.0,700000,11550000.0,8850000,20400000,0.034
Mazatlán,Samir,Samir,9,540,30,Left Centre Back,25,2250,0.24,,,,,,,,,,,0,9710000.0,1747917,11457917,0.0
León,A. Blanco,Alfonso Blanco,6,540,38,Goalkeeper,28,2520,0.21,410000.0,01-07-2020,30-06-2026,,,,,,6.0,,410000,18000000.0,10275833,28275833,0.015
Querétaro,José Hernández,José Hernández,6,540,28,Goalkeeper,22,1980,0.27,310000.0,24-06-2025,30-06-2026,,,,,,1.0,,310000,11550000.0,8850000,20400000,0.015
Querétaro,J. Canale,José Canale,6,540,29,Left Centre Back,22,1980,0.27,,,,,,,,,,,0,11550000.0,8850000,20400000,0.0
Atlético San Luis,Robson Bambu,Robson Alves de Barros,6,540,28,Right Centre Back,26,2340,0.23,800000.0,12-09-2025,30-06-2026,25/26,Verano europeo,40188.0,458715.0,400000.0,1.0,400000.0,1200000,8040000.0,1600000,9640000,0.124
Guadalajara,D. Aguirre,Daniel Aguirre,9,537,26,Right Centre Back,30,2700,0.2,350000.0,01-07-2024,30-06-2027,24/25,Verano europeo,6711.0,636066.0,225000.0,3.0,75000.0,425000,27200000.0,22351667,49551667,0.009
Monterrey,G. Sánchez,Gustavo Sánchez,7,536,25,Left Centre Back,36,3240,0.17,330000.0,01-07-2021,30-06-2026,,,,,,5.0,,330000,47650000.0,10834167,61864167,0.005
Mazatlán,S. Fierro,Sebastián Fierro,16,534,24,Central Midfielder,25,2250,0.24,310000.0,11-07-2025,30-06-2026,,,,,,1.0,,310000,9710000.0,1747917,11457917,0.027
Atlas,Róber Pier,Róber Pier,7,533,30,Central Defender,25,2250,0.24,800000.0,06-07-2025,30-06-2026,,,,,,1.0,,800000,10890000.0,6566667,17456667,0.046
Club América,I. Lichnovsky,Igor Lichnovsky,7,526,31,Left Centre Back,35,3150,0.17,1350000.0,18-07-2024,30-06-2027,24/25,Verano europeo,3631.0,209513.0,2000000.0,3.0,666667.0,2016667,39090000.0,25266667,64356667,0.031
Pumas UNAM,L. Magallán,Lisandro Magallán,7,525,32,Left Centre Back,32,2880,0.18,,,,,,,,,,,0,12860000.0,5755000,18615000,0.0
Monterrey,H. Moreno,Héctor Moreno,9,516,37,Left Centre Back,36,3240,0.16,1500000.0,17-07-2025,31-12-2025,,,,,,0.0,,1500000,47650000.0,10834167,61864167,0.024
Necaxa,A. Andrade,Alejandro Andrade,14,515,24,Central Midfielder,29,2610,0.2,90000.0,01-01-2023,30-06-2026,,,,,,3.0,,90000,8700000.0,6121867,14821867,0.006
Santos Laguna,I. Govea,Ismael Govea,7,514,28,Right Centre Back,24,2160,0.24,,,,,,,,,,,0,9150000.0,3645833,12795833,0.0
Puebla,F. Waller,Facundo Waller,9,496,28,Central Midfielder,26,2340,0.21,,,,,,,,,,,0,11000000.0,7816667,18816667,0.0
Club América,R. Cota,Rodolfo Cota,6,495,38,Goalkeeper,35,3150,0.16,800000.0,01-07-2025,30-06-2026,,,,,,1.0,,800000,39090000.0,25266667,64356667,0.012
Puebla,E. Gularte,Emanuel Gularte,6,495,28,Right Centre Back,26,2340,0.21,,,,,,,,,,,0,11000000.0,7816667,18816667,0.0
Puebla,J. Rodríguez,Jesús Rodríguez,6,495,32,Goalkeeper,26,2340,0.21,50000.0,01-07-2018,30-06-2025,,,,,,7.0,,50000,11000000.0,7816667,18816667,0.003
Santos Laguna,J. Pérez,Jonathan Pérez,6,495,20,Left Centre Back,24,2160,0.23,,,,,,,,,,,0,9150000.0,3645833,12795833,0.0
Atlas,M. García,Mateo García,11,488,29,Central Midfielder,25,2250,0.22,680000.0,01-07-2023,30-06-2027,,,,,,4.0,,680000,10890000.0,6566667,17456667,0.039
Pachuca,J. Sigala,Juan Sigala,9,486,18,Right Attacking Midfielder,32,2880,0.17,,,,,,,,,,,0,18330000.0,0,18330000,0.0
Mazatlán,R. Meráz,Roberto Meráz,12,485,26,Defensive Midfielder,25,2250,0.22,,,,,,,,,,,0,9710000.0,1747917,11457917,0.0
Mazatlán,L. Amarilla,Luis Amarilla,6,480,30,Centre Forward,25,2250,0.21,,,,,,,,,,,0,9710000.0,1747917,11457917,0.0
Querétaro,A. Ávila,Alí Ávila,14,480,22,Centre Forward,22,1980,0.24,430000.0,22-07-2025,30-06-2026,25/26,Verano europeo,4961.0,704557.0,1000000.0,1.0,1000000.0,1430000,11550000.0,8850000,20400000,0.07
Atlético San Luis,J. Domínguez,Julio Domínguez,7,474,38,Right Centre Back,26,2340,0.2,980000.0,01-07-2023,30-06-2026,,,,,,3.0,,980000,8040000.0,1600000,9640000,0.102
Mazatlán,A. Herrera,Alberto Herrera,8,465,24,Central Midfielder,25,2250,0.21,250000.0,03-07-2025,30-06-2026,,,,,,1.0,,250000,9710000.0,1747917,11457917,0.022
Querétaro,F. Lértora,Federico Lértora,7,463,35,Central Midfielder,22,1980,0.23,800000.0,01-07-2024,30-06-2026,24/25,Verano europeo,4961.0,125104.0,1300000.0,2.0,650000.0,1450000,11550000.0,8850000,20400000,0.071
Atlas,Jorge Rodríguez,Jorge Rodríguez,9,456,24,Left Midfielder,25,2250,0.2,,,,,,,,,,,0,10890000.0,6566667,17456667,0.0
Mazatlán,Dudu Teodora,Dudu Teodora,13,455,26,Centre Forward,25,2250,0.2,380000.0,01-07-2025,30-06-2026,,,,,,1.0,,380000,9710000.0,1747917,11457917,0.033
Santos Laguna,S. Muñóz,Santiago Muñóz,9,448,23,Centre Forward,24,2160,0.21,,,,,,,,,,,0,9150000.0,3645833,12795833,0.0
Tigres UANL,V. Loroña,Vladimir Loroña,10,444,27,Right Midfielder,37,3330,0.13,530000.0,13-07-2022,12-07-2026,,,,,,4.0,,530000,36450000.0,10285834,46735834,0.011
Tigres UANL,A. Gignac,André-Pierre Gignac,12,443,39,Centre Forward,37,3330,0.13,5290000.0,11-06-2025,30-06-2026,,,,,,1.0,,5290000,36450000.0,10285834,46735834,0.113
Atlético San Luis,J. Suárez,José Suárez,7,443,19,Right Back,26,2340,0.19,90000.0,01-07-2025,30-06-2026,,,,,,1.0,,90000,8040000.0,1600000,9640000,0.009
León,V. Gauthier,Valentín Gauthier,6,440,22,Right Centre Back,28,2520,0.17,310000.0,01-07-2025,30-06-2029,25/26,Verano europeo,4941.0,1027438.0,870000.0,4.0,217500.0,527500,18000000.0,10275833,28275833,0.019
Cruz Azul,A. Montaño,Andrés Montaño,11,438,23,Central Midfielder,35,3150,0.14,700000.0,01-07-2024,30-06-2027,24/25,Verano europeo,3711.0,993722.0,3720000.0,3.0,1240000.0,1940000,23380000.0,28637500,52017500,0.037
León,E. Rigoni,Emiliano Rigoni,12,428,32,Left Attacking Midfielder,28,2520,0.17,,,,,,,,,,,0,18000000.0,10275833,28275833,0.0
León,E. Rodríguez,Emilio Rodríguez,15,427,22,Left Attacking Midfielder,28,2520,0.17,380000.0,21-07-2025,30-06-2026,,,,,,1.0,,380000,18000000.0,10275833,28275833,0.013
Tijuana,R. Franco,Ramiro Franco,7,427,22,Right Back,26,2340,0.18,110000.0,08-01-2025,31-12-2025,,,,,,0.0,,110000,11350000.0,11783333,23133333,0.005
Necaxa,Raúl Sánchez,Raúl Sánchez,13,422,28,Left Midfielder,29,2610,0.16,440000.0,01-07-2025,30-06-2026,25/26,Verano europeo,1146.0,536619.0,1000000.0,1.0,1000000.0,1440000,8700000.0,6121867,14821867,0.097
Mazatlán,M. Zaleta,Mauro Zaleta,7,421,23,Left Back,25,2250,0.19,110000.0,28-08-2025,30-06-2026,,,,,,1.0,,110000,9710000.0,1747917,11457917,0.01
Atlético San Luis,Léo Bonatini,Léo Bonatini,7,416,31,Centre Forward,26,2340,0.18,310000.0,01-01-2023,31-12-2025,,,,,,2.0,,310000,8040000.0,1600000,9640000,0.032
Atlético San Luis,S. Pérez Bouquet,Sebastián Pérez Bouquet,7,416,22,Centre Attacking Midfielder,26,2340,0.18,350000.0,02-01-2025,30-06-2026,24/25,Invierno europeo,40188.0,936956.0,500000.0,1.0,500000.0,850000,8040000.0,1600000,9640000,0.088
León,E. Ayón,Ettson Ayón,11,414,24,Centre Forward,28,2520,0.16,380000.0,01-07-2024,30-06-2026,24/25,Verano europeo,4941.0,945935.0,1200000.0,2.0,600000.0,980000,18000000.0,10275833,28275833,0.035
Cruz Azul,O. Campos,Omar Campos,17,409,23,Left Midfielder,35,3150,0.13,1060000.0,05-01-2025,30-06-2026,24/25,Invierno europeo,3711.0,854454.0,3800000.0,1.0,3800000.0,4860000,23380000.0,28637500,52017500,0.093
Toluca,S. Simón,Santiago Simón,7,407,23,Right Back,34,3060,0.13,890000.0,16-08-2025,30-06-2029,25/26,Verano europeo,1804.0,661131.0,3000000.0,4.0,750000.0,1640000,25380000.0,25421667,50801667,0.032
Guadalajara,Y. Padilla,Yael Padilla,13,406,19,Central Midfielder,30,2700,0.15,80000.0,01-09-2023,30-06-2026,,,,,,3.0,,80000,27200000.0,22351667,49551667,0.002
Querétaro,J. Piñuelas,Jesús Piñuelas,5,405,27,Left Centre Back,22,1980,0.2,,,,,,,,,,,0,11550000.0,8850000,20400000,0.0
Atlas,M. Cóccaro,Matías Cóccaro,19,397,28,Centre Forward,25,2250,0.18,920000.0,04-01-2025,31-12-2025,,,,,,0.0,,920000,10890000.0,6566667,17456667,0.053
Pachuca,G. Togni,Gastón Togni,14,393,28,Left Attacking Midfielder,32,2880,0.14,400000.0,05-07-2025,30-06-2026,,,,,,1.0,,400000,18330000.0,0,18330000,0.022
Querétaro,J. Robles,Juan Robles,10,386,22,Left Midfielder,22,1980,0.19,,,,,,,,,,,0,11550000.0,8850000,20400000,0.0
Necaxa,A. Oliveros,Agustín Oliveros,5,383,27,Left Centre Back,29,2610,0.15,750000.0,14-06-2023,30-06-2027,,,,,,4.0,,750000,8700000.0,6121867,14821867,0.051
Club América,A. Saint-Maximin,Allan Saint-Maximin,8,381,28,Left Winger,35,3150,0.12,5180000.0,12-08-2025,30-06-2027,25/26,Verano europeo,3631.0,272642.0,10300000.0,2.0,5150000.0,10330000,39090000.0,25266667,64356667,0.161
Querétaro,F. González,Fernando González,12,377,24,Left Midfielder,22,1980,0.19,150000.0,08-01-2025,30-06-2026,24/25,Invierno europeo,4961.0,1067605.0,400000.0,1.0,400000.0,550000,11550000.0,8850000,20400000,0.027
Pachuca,E. Valencia,Enner Valencia,5,373,36,Centre Forward,32,2880,0.13,1500000.0,11-09-2025,31-12-2027,,,,,,2.0,,1500000,18330000.0,0,18330000,0.082
Tijuana,M. El Ghezouani,Mourad El Ghezouani,6,372,27,Centre Forward,26,2340,0.16,790000.0,09-09-2025,30-06-2026,25/26,Verano europeo,13353.0,527972.0,1500000.0,1.0,1500000.0,2290000,11350000.0,11783333,23133333,0.099
Necaxa,J. Alcántar,Jesús Alcántar,7,371,22,Left Centre Back,29,2610,0.14,110000.0,01-07-2023,30-06-2026,,,,,,3.0,,110000,8700000.0,6121867,14821867,0.007
Querétaro,J. Colmán,Josué Colmán,6,361,27,Central Midfielder,22,1980,0.18,,,,,,,,,,,0,11550000.0,8850000,20400000,0.0
Puebla,M. Jiménez,Miguel Jiménez,4,360,35,Goalkeeper,26,2340,0.15,,,,,,,,,,,0,11000000.0,7816667,18816667,0.0
Puebla,E. Navarro,Eduardo Navarro,5,355,21,Right Centre Back,26,2340,0.15,,,,,,,,,,,0,11000000.0,7816667,18816667,0.0
Tigres UANL,J. Vigón,Juan Vigón,19,347,34,Central Midfielder,37,3330,0.1,1130000.0,01-07-2021,30-06-2026,,,,,,5.0,,1130000,36450000.0,10285834,46735834,0.024
Mazatlán,J. García,Jorge García,8,339,23,Right Back,25,2250,0.15,210000.0,01-07-2025,30-06-2026,25/26,Verano europeo,82696.0,433216.0,200000.0,1.0,200000.0,410000,9710000.0,1747917,11457917,0.036
Mazatlán,G. Adame,Gilberto Adame,8,339,21,Central Midfielder,25,2250,0.15,90000.0,01-01-2025,30-06-2026,,,,,,1.0,,90000,9710000.0,1747917,11457917,0.008
Querétaro,Jesús Hernández,Jesús Hernández,7,321,21,Centre Forward,22,1980,0.16,310000.0,08-07-2025,30-06-2026,,,,,,1.0,,310000,11550000.0,8850000,20400000,0.015
Puebla,P. González,Pablo González,6,317,33,Central Midfielder,26,2340,0.14,530000.0,28-01-2025,31-12-2027,24/25,Invierno europeo,5662.0,158327.0,1000000.0,2.0,500000.0,1030000,11000000.0,7816667,18816667,0.055
Pachuca,I. Hernández,Illian Hernández,15,316,25,Centre Forward,32,2880,0.11,110000.0,01-01-2023,31-12-2025,,,,,,2.0,,110000,18330000.0,0,18330000,0.006
Cruz Azul,A. Morales,Amaury Morales,15,312,19,Centre Forward,35,3150,0.1,210000.0,01-07-2025,30-06-2029,,,,,,4.0,,210000,23380000.0,28637500,52017500,0.004
Cruz Azul,G. Giakoumakis,Giorgos Giakoumakis,12,304,30,Centre Forward,35,3150,0.1,,,,,,,,,,,0,23380000.0,28637500,52017500,0.0
Mazatlán,Á. Leyva,Ángel Leyva,7,304,19,Left Centre Back,25,2250,0.14,110000.0,01-07-2025,30-06-2026,,,,,,1.0,,110000,9710000.0,1747917,11457917,0.01
Santos Laguna,A. Lozano,Anthony Lozano,12,297,32,Centre Forward,24,2160,0.14,1500000.0,12-07-2024,30-06-2026,24/25,Verano europeo,1403.0,131275.0,2000000.0,2.0,1000000.0,2500000,9150000.0,3645833,12795833,0.195
Atlas,L. Flores,Leonardo Flores,4,290,22,Right Midfielder,25,2250,0.13,,,,,,,,,,,0,10890000.0,6566667,17456667,0.0
Puebla,I. Moreno,Iker Moreno,8,284,22,Right Midfielder,26,2340,0.12,90000.0,08-07-2025,31-12-2025,,,,,,0.0,,90000,11000000.0,7816667,18816667,0.005
Mazatlán,I. González,Iván González,6,284,19,Right Midfielder,25,2250,0.13,,,,,,,,,,,0,9710000.0,1747917,11457917,0.0
Necaxa,E. Martínez,Emilio Martínez,6,275,22,Right Back,29,2610,0.11,130000.0,01-07-2023,30-06-2026,,,,,,3.0,,130000,8700000.0,6121867,14821867,0.009
Atlas,A. Ramírez,Alonso Ramírez,5,272,24,Central Midfielder,25,2250,0.12,160000.0,,30-06-2026,,,,,,,,160000,10890000.0,6566667,17456667,0.009
Santos Laguna,A. Santamaría,Anderson Santamaría,4,270,33,Left Centre Back,24,2160,0.12,,,,,,,,,,,0,9150000.0,3645833,12795833,0.0
Tigres UANL,G. Pizarro Demestri,Guido Hernán Pizarro Demestri,3,270,35,Defensive Midfielder,37,3330,0.08,,,,,,,,,,,0,36450000.0,10285834,46735834,0.0
Santos Laguna,D. Medina,Diego Medina,11,268,24,Right Attacking Midfielder,24,2160,0.12,190000.0,03-01-2022,30-06-2026,,,,,,4.0,,190000,9150000.0,3645833,12795833,0.015
Necaxa,A. Palma,Arturo Palma,7,268,23,Left Midfielder,29,2610,0.1,,,,,,,,,,,0,8700000.0,6121867,14821867,0.0
Pachuca,J. López,Javier López,12,264,31,Centre Attacking Midfielder,32,2880,0.09,1090000.0,18-07-2022,30-06-2026,,,,,,4.0,,1090000,18330000.0,0,18330000,0.059
Juárez,F. Nevárez,Francisco Nevárez,9,261,24,Right Back,28,2520,0.1,230000.0,01-01-2022,30-06-2026,,,,,,4.0,,230000,12850000.0,5433333,18283333,0.013
Atlético San Luis,D. Abitia,Diego Abitia,8,260,22,Centre Forward,26,2340,0.11,,,,,,,,,,,0,8040000.0,1600000,9640000,0.0
Tijuana,Joe Corona,Joe Corona,11,254,35,Central Midfielder,26,2340,0.11,350000.0,12-01-2024,30-06-2026,,,,,,2.0,,350000,11350000.0,11783333,23133333,0.015
Guadalajara,T. Wilke,Teun Wilke,6,250,23,Centre Forward,30,2700,0.09,350000.0,01-07-2025,30-06-2026,,,,,,1.0,,350000,27200000.0,22351667,49551667,0.007
Juárez,J. Gónzalez,Jonathan González,5,249,26,Central Midfielder,28,2520,0.1,700000.0,02-01-2025,30-06-2025,,,,,,0.0,,700000,12850000.0,5433333,18283333,0.038
Pachuca,G. Cabral,Gustavo Cabral,5,244,40,Left Centre Back,32,2880,0.08,860000.0,07-01-2023,30-06-2026,,,,,,3.0,,860000,18330000.0,0,18330000,0.047
Monterrey,T. Leone,Tony Leone,6,240,21,Right Back,36,3240,0.07,,,,,,,,,,,0,47650000.0,10834167,61864167,0.0
Club América,M. Vázquez,Miguel Vázquez,4,240,21,Left Centre Back,35,3150,0.08,110000.0,01-07-2024,30-06-2026,,,,,,2.0,,110000,39090000.0,25266667,64356667,0.002
Pumas UNAM,A. Ramsey,Aaron Ramsey,6,235,34,Centre Attacking Midfielder,32,2880,0.08,1960000.0,04-07-2025,30-06-2026,,,,,,1.0,,1960000,12860000.0,5755000,18615000,0.105
Mazatlán,Á. Saavedra,Ángel Saavedra,7,235,22,Right Midfielder,25,2250,0.1,90000.0,01-07-2025,30-06-2026,,,,,,1.0,,90000,9710000.0,1747917,11457917,0.008
Pumas UNAM,S. López,Santiago López,9,235,20,Centre Forward,32,2880,0.08,110000.0,01-07-2025,30-06-2026,,,,,,1.0,,110000,12860000.0,5755000,18615000,0.006
Querétaro,M. Carcelén,Michael Carcelén,5,231,28,Central Midfielder,22,1980,0.12,440000.0,12-09-2025,30-06-2026,25/26,Verano europeo,4961.0,746209.0,1200000.0,1.0,1200000.0,1640000,11550000.0,8850000,20400000,0.08
Querétaro,S. Hernández,Sebastián Hernández,7,230,21,Left Back,22,1980,0.12,310000.0,24-06-2025,30-06-2026,,,,,,1.0,,310000,11550000.0,8850000,20400000,0.015
Atlético San Luis,L. Nájera,Luis Nájera,9,228,22,Central Midfielder,26,2340,0.1,,,,,,,,,,,0,8040000.0,1600000,9640000,0.0
Toluca,M. Isaís,Mauricio Isaís,3,225,24,Left Back,34,3060,0.07,750000.0,03-07-2025,30-06-2026,25/26,Verano europeo,1804.0,799707.0,1200000.0,1.0,1200000.0,1950000,25380000.0,25421667,50801667,0.038
Pumas UNAM,J. Macías,José Macías,7,224,26,Centre Forward,32,2880,0.08,880000.0,20-08-2025,28-02-2026,,,,,,1.0,,880000,12860000.0,5755000,18615000,0.047
Atlas,J. San Martín,Jorge San Martín,7,219,21,Left Centre Back,25,2250,0.1,,,,,,,,,,,0,10890000.0,6566667,17456667,0.0
Puebla,C. Baltazar,Carlos Baltazar,7,212,28,Central Midfielder,26,2340,0.09,730000.0,01-07-2025,30-06-2026,,,,,,1.0,,730000,11000000.0,7816667,18816667,0.039
Toluca,F. Arce,Fernando Arce,9,209,28,Central Midfielder,34,3060,0.07,530000.0,20-05-2024,30-06-2026,25/26,Verano europeo,1804.0,349150.0,1200000.0,2.0,600000.0,1130000,25380000.0,25421667,50801667,0.022
Monterrey,A. Martial,Anthony Martial,5,208,29,Centre Forward,36,3240,0.06,5180000.0,12-09-2025,30-06-2027,25/26,Verano europeo,2407.0,182877.0,1000000.0,2.0,500000.0,5680000,47650000.0,10834167,61864167,0.092
Mazatlán,S. Godínez,Said Godínez,4,207,21,Central Midfielder,25,2250,0.09,90000.0,01-01-2025,30-06-2026,,,,,,1.0,,90000,9710000.0,1747917,11457917,0.008
Pachuca,Alemão,Alemão,6,203,27,Centre Forward,32,2880,0.07,,,,,,,,,,,0,18330000.0,0,18330000,0.0
Toluca,V. Arteaga,Víctor Arteaga,5,200,21,Central Midfielder,34,3060,0.07,110000.0,01-01-2025,30-06-2026,,,,,,1.0,,110000,25380000.0,25421667,50801667,0.002
León,D. Arcila,Daniel Arcila,7,195,23,Centre Attacking Midfielder,28,2520,0.08,310000.0,04-08-2025,30-06-2026,25/26,Verano europeo,4941.0,1006054.0,730000.0,1.0,730000.0,1040000,18000000.0,10275833,28275833,0.037
Necaxa,R. Cortéz,Rogelio Cortéz,10,189,21,Centre Attacking Midfielder,29,2610,0.07,100000.0,01-07-2024,30-06-2026,,,,,,2.0,,100000,8700000.0,6121867,14821867,0.007
Pumas UNAM,Á. Rico,Ángel Rico,8,188,20,Central Midfielder,32,2880,0.07,110000.0,01-01-2025,30-06-2026,,,,,,1.0,,110000,12860000.0,5755000,18615000,0.006
Necaxa,R. Sandoval,Raúl Sandoval,7,185,25,Left Back,29,2610,0.07,,,,,,,,,,,0,8700000.0,6121867,14821867,0.0
Juárez,D. Ochoa,Diego Ochoa,4,185,20,Central Defender,28,2520,0.07,210000.0,04-07-2025,30-06-2026,,,,,,1.0,,210000,12850000.0,5433333,18283333,0.011
Mazatlán,C. Castro,Christopher Castro,3,182,20,Left Centre Back,25,2250,0.08,90000.0,01-07-2025,30-06-2026,,,,,,1.0,,90000,9710000.0,1747917,11457917,0.008
Tijuana,M. Ortega,Miguel Ortega,2,180,30,Goalkeeper,26,2340,0.08,,,,,,,,,,,0,11350000.0,11783333,23133333,0.0
Atlético San Luis,C. López,César López,2,180,25,Goalkeeper,26,2340,0.08,130000.0,01-07-2023,30-06-2025,,,,,,2.0,,130000,8040000.0,1600000,9640000,0.013
Cruz Azul,A. Gudiño,Andrés Gudiño,2,180,28,Goalkeeper,35,3150,0.06,530000.0,02-07-2024,30-06-2027,,,,,,3.0,,530000,23380000.0,28637500,52017500,0.01
Atlas,A. Sánchez,Antonio Sánchez,2,180,25,Goalkeeper,25,2250,0.08,60000.0,01-07-2022,30-06-2026,,,,,,4.0,,60000,10890000.0,6566667,17456667,0.003
Pumas UNAM,R. Parra,Rodrigo Parra,2,180,17,Goalkeeper,32,2880,0.06,90000.0,01-07-2025,30-06-2026,,,,,,1.0,,90000,12860000.0,5755000,18615000,0.005
Pachuca,S. Hernández,Sergio Hernández,4,179,23,Left Attacking Midfielder,32,2880,0.06,110000.0,01-01-2023,31-12-2025,,,,,,2.0,,110000,18330000.0,0,18330000,0.006
Santos Laguna,R. Prieto,Ronaldo Prieto,4,177,28,Left Midfielder,24,2160,0.08,70000.0,10-07-2020,30-06-2026,,,,,,6.0,,70000,9150000.0,3645833,12795833,0.005
Santos Laguna,T. Jiménez,Tahiel Jiménez,5,164,19,Centre Forward,24,2160,0.08,,,,,,,,,,,0,9150000.0,3645833,12795833,0.0
León,C. Cisneros,Carlos Cisneros,8,163,32,Left Attacking Midfielder,28,2520,0.06,440000.0,02-01-2025,30-06-2026,24/25,Invierno europeo,4941.0,258207.0,1000000.0,1.0,1000000.0,1440000,18000000.0,10275833,28275833,0.051
Tijuana,J. Fernández,Joaquín Fernández,4,158,26,Left Back,26,2340,0.07,310000.0,07-07-2025,30-06-2026,,,,,,1.0,,310000,11350000.0,11783333,23133333,0.013
Puebla,W. Portales,Walter Portales,3,158,21,Left Back,26,2340,0.07,90000.0,01-07-2025,30-06-2026,,,,,,1.0,,90000,11000000.0,7816667,18816667,0.005
Querétaro,A. de María y Campos,Antonio de María y Campos,4,157,21,Centre Forward,22,1980,0.08,,,,,,,,,,,0,11550000.0,8850000,20400000,0.0
Pachuca,A. Hurtado,Avilés Hurtado,11,146,38,Central Midfielder,32,2880,0.05,,,,,,,,,,,0,18330000.0,0,18330000,0.0
Puebla,B. Garnica,Brayan Garnica,7,145,29,Centre Forward,26,2340,0.06,310000.0,02-01-2025,30-06-2026,24/25,Invierno europeo,5662.0,401311.0,1500000.0,1.0,1500000.0,1810000,11000000.0,7816667,18816667,0.096
León,Ó. Villa,Óscar Villa,2,144,24,Left Back,28,2520,0.06,380000.0,01-07-2025,30-06-2026,25/26,Verano europeo,4941.0,784509.0,250000.0,1.0,250000.0,630000,18000000.0,10275833,28275833,0.022
Querétaro,E. Partida,Edson Partida,4,143,27,Left Attacking Midfielder,22,1980,0.07,350000.0,01-07-2025,30-06-2026,,,,,,1.0,,350000,11550000.0,8850000,20400000,0.017
Pachuca,William Carvalho,William Carvalho,4,141,33,Defensive Midfielder,32,2880,0.05,1500000.0,25-07-2025,30-06-2026,,,,,,1.0,,1500000,18330000.0,0,18330000,0.082
Querétaro,Carlo Adriano,Carlo García,6,141,24,Central Midfielder,22,1980,0.07,350000.0,10-08-2025,30-06-2026,,,,,,1.0,,350000,11550000.0,8850000,20400000,0.017
Guadalajara,I. Brizuela,Isaác Brizuela,7,137,35,Right Back,30,2700,0.05,900000.0,03-11-2022,30-06-2026,,,,,,4.0,,900000,27200000.0,22351667,49551667,0.018
Puebla,D. Paz,Denilson Paz,5,137,20,Central Midfielder,26,2340,0.06,,,,,,,,,,,0,11000000.0,7816667,18816667,0.0
Atlas,J. Serrato,Jesús Serrato,6,136,19,Central Midfielder,25,2250,0.06,,,,,,,,,,,0,10890000.0,6566667,17456667,0.0
Toluca,S. Aceves,Sebastián Aceves,2,135,19,Right Back,34,3060,0.04,,,,,,,,,,,0,25380000.0,25421667,50801667,0.0
Toluca,O. Virgen,Oswaldo Virgen,7,132,20,Centre Forward,34,3060,0.04,110000.0,01-07-2025,30-06-2026,,,,,,1.0,,110000,25380000.0,25421667,50801667,0.002
Querétaro,M. Coronel,Mateo Coronel,3,129,27,Centre Forward,22,1980,0.07,,,,,,,,,,,0,11550000.0,8850000,20400000,0.0
Cruz Azul,C. Jiménez,Cristian Jiménez,3,125,23,Central Defender,35,3150,0.04,110000.0,01-07-2025,30-06-2026,,,,,,1.0,,110000,23380000.0,28637500,52017500,0.002
Monterrey,J. Moxica,Joaquín Moxica,8,122,19,Centre Forward,36,3240,0.04,,,,,,,,,,,0,47650000.0,10834167,61864167,0.0
Tigres UANL,D. Sánchez,Diego Sánchez,2,121,20,Central Midfielder,37,3330,0.04,2300000.0,01-08-2023,30-06-2027,,,,,,4.0,,2300000,36450000.0,10285834,46735834,0.049
Santos Laguna,F. Fagúndez,Franco Fagúndez,7,120,25,Central Midfielder,24,2160,0.06,350000.0,01-01-2024,31-12-2027,,,,,,3.0,,350000,9150000.0,3645833,12795833,0.027
Pumas UNAM,U. Rivas,Ulíses Rivas,7,118,29,Central Midfielder,32,2880,0.04,540000.0,01-01-2023,30-06-2026,,,,,,3.0,,540000,12860000.0,5755000,18615000,0.029
Atlético San Luis,J. Marchand,Jahaziel Marchand,10,115,24,Central Midfielder,26,2340,0.05,210000.0,03-07-2025,30-06-2026,,,,,,1.0,,210000,8040000.0,1600000,9640000,0.022
Juárez,E. López,Eder López,7,115,19,Left Back,28,2520,0.05,,,,,,,,,,,0,12850000.0,5433333,18283333,0.0
Atlético San Luis,D. Guillén,Daniel Guillén,2,113,24,Left Centre Back,26,2340,0.05,110000.0,01-07-2024,30-06-2026,,,,,,2.0,,110000,8040000.0,1600000,9640000,0.011
Club América,N. Araújo,Néstor Araújo,3,111,34,Central Defender,35,3150,0.04,1800000.0,01-07-2022,30-06-2025,,,,,,3.0,,1800000,39090000.0,25266667,64356667,0.028
Necaxa,A. Montes,Alán Montes,4,110,25,Central Defender,29,2610,0.04,,,,,,,,,,,0,8700000.0,6121867,14821867,0.0
Juárez,D. Valoyes,Diego Valoyes,6,109,29,Left Attacking Midfielder,28,2520,0.04,980000.0,24-08-2023,30-06-2026,,,,,,3.0,,980000,12850000.0,5433333,18283333,0.054
Tijuana,J. Reyes,Josué Reyes,2,106,27,Left Centre Back,26,2340,0.05,310000.0,07-07-2025,30-06-2026,,,,,,1.0,,310000,11350000.0,11783333,23133333,0.013
Pachuca,I. Luna,Israel Luna,4,99,23,Central Midfielder,32,2880,0.03,30000.0,01-01-2023,30-06-2026,,,,,,3.0,,30000,18330000.0,0,18330000,0.002
Atlas,J. Guzmán,Jorge Guzmán,3,96,21,Central Midfielder,25,2250,0.04,,,,,,,,,,,0,10890000.0,6566667,17456667,0.0
Puebla,S. Olmedo,Sebastián Olmedo,2,95,24,Right Back,26,2340,0.04,,,,,,,,,,,0,11000000.0,7816667,18816667,0.0
Cruz Azul,J. Rodarte,Jorge Rodarte,3,95,21,Right Centre Back,35,3150,0.03,,,,,,,,,,,0,23380000.0,28637500,52017500,0.0
Atlas,C. Robles,Carlos Robles,2,91,25,Central Defender,25,2250,0.04,900000.0,01-01-2023,30-06-2026,,,,,,3.0,,900000,10890000.0,6566667,17456667,0.052
Mazatlán,A. Alcaráz,André Alcaráz,1,90,25,Goalkeeper,25,2250,0.04,250000.0,17-07-2025,30-06-2026,,,,,,1.0,,250000,9710000.0,1747917,11457917,0.022
Atlas,C. Ramos,César Ramos,1,90,25,Goalkeeper,25,2250,0.04,80000.0,03-07-2025,30-06-2026,,,,,,1.0,,80000,10890000.0,6566667,17456667,0.005
Guadalajara,E. García,Eduardo García,1,90,23,Goalkeeper,30,2700,0.03,350000.0,01-07-2025,30-06-2026,,,,,,1.0,,350000,27200000.0,22351667,49551667,0.007
Santos Laguna,H. Holguín,Héctor Holguín,1,90,24,Goalkeeper,24,2160,0.04,30000.0,03-02-2022,30-06-2026,,,,,,4.0,,30000,9150000.0,3645833,12795833,0.002
Mazatlán,R. Rodríguez,Ricardo Rodríguez,1,90,24,Goalkeeper,25,2250,0.04,230000.0,01-01-2022,30-06-2026,25/26,Verano europeo,82696.0,820227.0,125000.0,4.0,31250.0,261250,9710000.0,1747917,11457917,0.023
Pumas UNAM,J. Flores,Jonathan Flores,1,90,19,Left Centre Back,32,2880,0.03,,,,,,,,,,,0,12860000.0,5755000,18615000,0.0
Pumas UNAM,M. Paul,Miguel Paul,1,90,22,Goalkeeper,32,2880,0.03,,,,,,,,,,,0,12860000.0,5755000,18615000,0.0
Puebla,Á. de la Rosa,Álvaro de la Rosa,1,90,20,Right Wing Back,26,2340,0.04,,,,,,,,,,,0,11000000.0,7816667,18816667,0.0
Atlético San Luis,J. Murillo,Jhon Murillo,4,85,29,Central Midfielder,26,2340,0.04,,,,,,,,,,,0,8040000.0,1600000,9640000,0.0
Santos Laguna,G. Muñoz,Guillermo Muñoz,2,72,21,Left Winger,24,2160,0.03,,,,,,,,,,,0,9150000.0,3645833,12795833,0.0
Querétaro,F. Valenzuela,Fernando Valenzuela,3,68,28,Central Midfielder,22,1980,0.03,350000.0,08-01-2025,30-06-2026,24/25,Invierno europeo,4961.0,854027.0,500000.0,1.0,500000.0,850000,11550000.0,8850000,20400000,0.042
Tijuana,L. Vargas,Leonardo Vargas,2,68,24,Centre Forward,26,2340,0.03,,,,,,,,,,,0,11350000.0,11783333,23133333,0.0
Atlas,I. Domínguez,Idekel Domínguez,1,67,25,Right Wing Back,25,2250,0.03,,,,,,,,,,,0,10890000.0,6566667,17456667,0.0
Tijuana,F. Contreras,Francisco Contreras,1,67,26,Left Back,26,2340,0.03,110000.0,01-07-2022,30-06-2026,,,,,,4.0,,110000,11350000.0,11783333,23133333,0.005
Monterrey,M. Rodríguez,Michell Rodríguez,3,65,25,Centre Forward,36,3240,0.02,440000.0,01-07-2025,30-06-2026,,,,,,1.0,,440000,47650000.0,10834167,61864167,0.007
Toluca,A. Álvarez,Alek Álvarez,2,64,22,Left Attacking Midfielder,34,3060,0.02,230000.0,01-01-2025,30-06-2026,24/25,Invierno europeo,1804.0,804282.0,400000.0,1.0,400000.0,630000,25380000.0,25421667,50801667,0.012
León,P. Medina,Paolo Medina,1,60,26,Right Back,28,2520,0.02,310000.0,17-07-2025,30-06-2026,,,,,,1.0,,310000,18000000.0,10275833,28275833,0.011
Tigres UANL,O. Rodríguez,Osvaldo Rodríguez,2,59,29,Left Back,37,3330,0.02,880000.0,20-08-2024,30-06-2027,24/25,Verano europeo,7055.0,295426.0,2300000.0,3.0,766667.0,1646667,36450000.0,10285834,46735834,0.035
Tijuana,E. Bullaude,Ezequiel Bullaude,4,57,25,Centre Attacking Midfielder,26,2340,0.02,790000.0,10-09-2025,30-06-2026,25/26,Verano europeo,13353.0,627068.0,2500000.0,1.0,2500000.0,3290000,11350000.0,11783333,23133333,0.142
Cruz Azul,K. Velázquez,Karol Velázquez,1,57,20,Right Centre Back,35,3150,0.02,,,,,,,,,,,0,23380000.0,28637500,52017500,0.0
Atlético San Luis,C. Mares,Cristian Mares,2,53,21,Centre Forward,26,2340,0.02,,,,,,,,,,,0,8040000.0,1600000,9640000,0.0
Pumas UNAM,R. Galindo,Ricardo Galindo,2,52,27,Central Defender,32,2880,0.02,,,,,,,,,,,0,12860000.0,5755000,18615000,0.0
Cruz Azul,M. Levy,Mateo Levy,8,49,19,Centre Forward,35,3150,0.02,,,,,,,,,,,0,23380000.0,28637500,52017500,0.0
Cruz Azul,B. Gamboa,Bryan Gamboa,3,48,23,Right Attacking Midfielder,35,3150,0.02,110000.0,01-07-2025,30-06-2026,,,,,,1.0,,110000,23380000.0,28637500,52017500,0.002
Pumas UNAM,S. Venegas,Sebastián Venegas,1,45,20,Right Midfielder,32,2880,0.02,,,,,,,,,,,0,12860000.0,5755000,18615000,0.0
Puebla,J. Cortés,Jafet Cortés,1,45,20,Left Centre Back,26,2340,0.02,,,,,,,,,,,0,11000000.0,7816667,18816667,0.0
Tijuana,J. González,Joban González,3,43,20,Centre Forward,26,2340,0.02,,,,,,,,,,,0,11350000.0,11783333,23133333,0.0
Querétaro,B. Rubio,Brian Rubio,2,41,29,Centre Forward,22,1980,0.02,,,,,,,,,,,0,11550000.0,8850000,20400000,0.0
Puebla,Á. Araos,Ángelo Araos,2,39,28,Right Attacking Midfielder,26,2340,0.02,610000.0,27-08-2025,30-06-2026,,,,,,1.0,,610000,11000000.0,7816667,18816667,0.032
Pachuca,J. Brígido,Jesús Brígido,2,39,24,Left Attacking Midfielder,32,2880,0.01,,,,,,,,,,,0,18330000.0,0,18330000,0.0
Juárez,L. Silva,Leonardo Silva,4,39,21,Central Midfielder,28,2520,0.02,,,,,,,,,,,0,12850000.0,5433333,18283333,0.0
Tijuana,F. Madrigal,Fernando Madrigal,2,34,34,Central Midfielder,26,2340,0.01,,,,,,,,,,,0,11350000.0,11783333,23133333,0.0
Puebla,Á. Robles,Ángel Robles,3,34,23,Central Midfielder,26,2340,0.01,30000.0,01-07-2021,30-06-2026,,,,,,5.0,,30000,11000000.0,7816667,18816667,0.002
Pumas UNAM,E. Villaseñor,Emiliano Villaseñor,2,34,18,Left Attacking Midfielder,32,2880,0.01,,,,,,,,,,,0,12860000.0,5755000,18615000,0.0
Querétaro,L. Gutiérrez,Luis Gutiérrez,3,33,24,Central Midfielder,22,1980,0.02,260000.0,01-07-2025,30-06-2026,,,,,,1.0,,260000,11550000.0,8850000,20400000,0.013
Tijuana,A. Valenzuela,Aldieri Valenzuela,1,32,22,Central Midfielder,26,2340,0.01,,,,,,,,,,,0,11350000.0,11783333,23133333,0.0
Juárez,S. Abdullahi,Saminu Abdullahi,1,32,24,Right Midfielder,28,2520,0.01,,,,,,,,,,,0,12850000.0,5433333,18283333,0.0
Mazatlán,R. Camacho,Raúl Camacho,3,31,23,Centre Forward,25,2250,0.01,,,,,,,,,,,0,9710000.0,1747917,11457917,0.0
Atlético San Luis,F. Barajas,Fidel Barajas,3,30,19,Centre Attacking Midfielder,26,2340,0.01,350000.0,15-07-2025,15-07-2026,,,,,,1.0,,350000,8040000.0,1600000,9640000,0.036
Monterrey,L. Basulto,Luis Basulto,1,30,23,Left Attacking Midfielder,36,3240,0.01,,,,,,,,,,,0,47650000.0,10834167,61864167,0.0
Puebla,L. Cavallini,Lucas Cavallini,1,27,32,Left Attacking Midfielder,26,2340,0.01,1330000.0,05-01-2024,30-06-2026,,,,,,2.0,,1330000,11000000.0,7816667,18816667,0.071
Cruz Azul,C. Vargas,Carlos Vargas,1,26,26,Left Wing Back,35,3150,0.01,350000.0,18-01-2023,31-12-2026,,,,,,3.0,,350000,23380000.0,28637500,52017500,0.007
Atlético San Luis,J. Villal,Jonantán Villal,1,26,20,Left Midfielder,26,2340,0.01,90000.0,01-07-2025,30-06-2026,,,,,,1.0,,90000,8040000.0,1600000,9640000,0.009
Club América,D. Arriaga,Diego Arriaga,2,23,21,Centre Forward,35,3150,0.01,,,,,,,,,,,0,39090000.0,25266667,64356667,0.0
Club América,R. Sánchez,Richard Sánchez,3,22,29,Central Midfielder,35,3150,0.01,3440000.0,01-07-2024,30-06-2028,24/25,Verano europeo,3631.0,370875.0,9000000.0,4.0,2250000.0,5690000,39090000.0,25266667,64356667,0.088
Juárez,A. Méndez,Alex Méndez,1,20,25,Central Midfielder,28,2520,0.01,,,,,,,,,,,0,12850000.0,5433333,18283333,0.0
Atlético San Luis,J. González,José González,2,20,26,Defensive Midfielder,26,2340,0.01,340000.0,01-01-2024,30-06-2026,,,,,,2.0,,340000,8040000.0,1600000,9640000,0.035
Santos Laguna,P. Aquino,Pedro Aquino,1,19,30,Defensive Midfielder,24,2160,0.01,,,,,,,,,,,0,9150000.0,3645833,12795833,0.0
Querétaro,B. El-mesmari,Bruce El-mesmari,1,19,23,Left Attacking Midfielder,22,1980,0.01,210000.0,01-07-2025,30-06-2026,25/26,Verano europeo,4961.0,703843.0,150000.0,1.0,150000.0,360000,11550000.0,8850000,20400000,0.018
Pumas UNAM,M. Torres,Misael Torres,2,19,19,Centre Forward,32,2880,0.01,,,,,,,,,,,0,12860000.0,5755000,18615000,0.0
Tigres UANL,F. Ordóñez,Fernando Ordóñez,1,19,24,Left Back,37,3330,0.01,190000.0,01-07-2023,30-06-2026,,,,,,3.0,,190000,36450000.0,10285834,46735834,0.004
Monterrey,F. Valenzuela,Francisco Valenzuela,1,17,18,Centre Forward,36,3240,0.01,,,,,,,,,,,0,47650000.0,10834167,61864167,0.0
Cruz Azul,A. García,Amaury García,4,16,23,Central Midfielder,35,3150,0.01,110000.0,01-07-2024,30-06-2026,24/25,Verano europeo,3711.0,690469.0,300000.0,2.0,150000.0,260000,23380000.0,28637500,52017500,0.005
Santos Laguna,R. Rubio,Ronaldo Rubio,1,16,21,Second Striker,24,2160,0.01,,,,,,,,,,,0,9150000.0,3645833,12795833,0.0
Puebla,M. González,Mateo Gonzalez,1,16,16,Right Midfielder,26,2340,0.01,310000.0,01-07-2025,30-06-2026,25/26,Verano europeo,5662.0,1094384.0,1200000.0,1.0,1200000.0,1510000,11000000.0,7816667,18816667,0.08
Juárez,D. Martínez,Diego Martínez,1,15,21,Central Midfielder,28,2520,0.01,530000.0,23-07-2025,30-06-2028,25/26,Verano europeo,49283.0,656344.0,750000.0,3.0,250000.0,780000,12850000.0,5433333,18283333,0.043
Necaxa,D. Gómez,Diego Gómez,4,14,22,Central Midfielder,29,2610,0.01,130000.0,01-07-2022,30-06-2026,,,,,,4.0,,130000,8700000.0,6121867,14821867,0.009
Juárez,J. Álvarez,Jaime Álvarez,1,14,22,Right Attacking Midfielder,28,2520,0.01,,,,,,,,,,,0,12850000.0,5433333,18283333,0.0
Atlético San Luis,João Lourenço,João Lourenço,2,13,20,Right Winger,26,2340,0.01,,,,,,,,,,,0,8040000.0,1600000,9640000,0.0
Tijuana,Jesús Corona,Jesús Corona,1,12,44,Goalkeeper,26,2340,0.01,900000.0,01-07-2023,30-06-2026,,,,,,3.0,,900000,11350000.0,11783333,23133333,0.039
